geoId,month,cases,deaths,homecontinent,latitude,longitude
AD,3,370,8,Europe,42.546245,1.601554
AD,4,373,34,Europe,42.546245,1.601554
AD,5,21,9,Europe,42.546245,1.601554
AD,6,91,1,Europe,42.546245,1.601554
AD,7,67,0,Europe,42.546245,1.601554
AD,8,202,1,Europe,42.546245,1.601554
AD,9,842,0,Europe,42.546245,1.601554
AD,10,2699,22,Europe,42.546245,1.601554
AD,11,2047,1,Europe,42.546245,1.601554
AD,12,626,3,Europe,42.546245,1.601554
AE,1,4,0,Asia,23.424076,53.847818
AE,2,17,0,Asia,23.424076,53.847818
AE,3,590,5,Asia,23.424076,53.847818
AE,4,11318,93,Asia,23.424076,53.847818
AE,5,21967,164,Asia,23.424076,53.847818
AE,6,14350,52,Asia,23.424076,53.847818
AE,7,12260,37,Asia,23.424076,53.847818
AE,8,9184,31,Asia,23.424076,53.847818
AE,9,23400,34,Asia,23.424076,53.847818
AE,10,38418,74,Asia,23.424076,53.847818
AE,11,36245,80,Asia,23.424076,53.847818
AE,12,17196,47,Asia,23.424076,53.847818
AF,1,0,0,Asia,33.93911,67.709953
AF,2,1,0,Asia,33.93911,67.709953
AF,3,140,4,Asia,33.93911,67.709953
AF,4,1808,56,Asia,33.93911,67.709953
AF,5,12576,189,Asia,33.93911,67.709953
AF,6,16713,484,Asia,33.93911,67.709953
AF,7,5304,538,Asia,33.93911,67.709953
AF,8,1620,131,Asia,33.93911,67.709953
AF,9,1092,56,Asia,33.93911,67.709953
AF,10,2171,78,Asia,33.93911,67.709953
AF,11,4419,227,Asia,33.93911,67.709953
AF,12,3429,208,Asia,33.93911,67.709953
AG,3,7,0,North America,17.060816,-61.79642800000001
AG,4,17,3,North America,17.060816,-61.79642800000001
AG,5,1,0,North America,17.060816,-61.79642800000001
AG,6,41,0,North America,17.060816,-61.79642800000001
AG,7,25,0,North America,17.060816,-61.79642800000001
AG,8,3,0,North America,17.060816,-61.79642800000001
AG,9,7,0,North America,17.060816,-61.79642800000001
AG,10,26,0,North America,17.060816,-61.79642800000001
AG,11,14,1,North America,17.060816,-61.79642800000001
AG,12,7,0,North America,17.060816,-61.79642800000001
AL,3,223,12,Europe,41.153332,20.168331
AL,4,543,19,Europe,41.153332,20.168331
AL,5,356,2,Europe,41.153332,20.168331
AL,6,1344,25,Europe,41.153332,20.168331
AL,7,2731,96,Europe,41.153332,20.168331
AL,8,4183,126,Europe,41.153332,20.168331
AL,9,4138,104,Europe,41.153332,20.168331
AL,10,7116,118,Europe,41.153332,20.168331
AL,11,16991,296,Europe,41.153332,20.168331
AL,12,10905,205,Europe,41.153332,20.168331
AM,1,0,0,Asia,40.069099,45.038189
AM,2,0,0,Asia,40.069099,45.038189
AM,3,532,3,Asia,40.069099,45.038189
AM,4,1534,29,Asia,40.069099,45.038189
AM,5,7216,99,Asia,40.069099,45.038189
AM,6,16260,312,Asia,40.069099,45.038189
AM,7,13008,295,Asia,40.069099,45.038189
AM,8,5200,139,Asia,40.069099,45.038189
AM,9,6151,81,Asia,40.069099,45.038189
AM,10,39912,383,Asia,40.069099,45.038189
AM,11,45311,823,Asia,40.069099,45.038189
AM,12,13558,339,Asia,40.069099,45.038189
AO,3,7,2,Africa,-11.202692,17.873887
AO,4,20,0,Africa,-11.202692,17.873887
AO,5,57,2,Africa,-11.202692,17.873887
AO,6,192,7,Africa,-11.202692,17.873887
AO,7,802,37,Africa,-11.202692,17.873887
AO,8,1546,59,Africa,-11.202692,17.873887
AO,9,2281,72,Africa,-11.202692,17.873887
AO,10,5364,96,Africa,-11.202692,17.873887
AO,11,4834,71,Africa,-11.202692,17.873887
AO,12,1085,25,Africa,-11.202692,17.873887
AR,3,966,24,South America,-38.416097,-63.616672
AR,4,3306,190,South America,-38.416097,-63.616672
AR,5,11929,314,South America,-38.416097,-63.616672
AR,6,46054,752,South America,-38.416097,-63.616672
AR,7,116728,2031,South America,-38.416097,-63.616672
AR,8,222243,5090,South America,-38.416097,-63.616672
AR,9,335370,8118,South America,-38.416097,-63.616672
AR,10,420570,14273,South America,-38.416097,-63.616672
AR,11,261628,7681,South America,-38.416097,-63.616672
AR,12,79366,2293,South America,-38.416097,-63.616672
AT,1,0,0,Europe,47.516231,14.550072
AT,2,7,0,Europe,47.516231,14.550072
AT,3,9611,108,Europe,47.516231,14.550072
AT,4,5746,472,Europe,47.516231,14.550072
AT,5,1274,88,Europe,47.516231,14.550072
AT,6,1028,35,Europe,47.516231,14.550072
AT,7,3343,15,Europe,47.516231,14.550072
AT,8,6209,15,Europe,47.516231,14.550072
AT,9,17389,63,Europe,47.516231,14.550072
AT,10,56836,283,Europe,47.516231,14.550072
AT,11,176739,1825,Europe,47.516231,14.550072
AT,12,41854,1496,Europe,47.516231,14.550072
AU,1,7,0,Oceania,-25.274398,133.775136
AU,2,18,0,Oceania,-25.274398,133.775136
AU,3,4532,19,Oceania,-25.274398,133.775136
AU,4,2189,71,Oceania,-25.274398,133.775136
AU,5,439,12,Oceania,-25.274398,133.775136
AU,6,582,2,Oceania,-25.274398,133.775136
AU,7,8536,85,Oceania,-25.274398,133.775136
AU,8,9367,422,Oceania,-25.274398,133.775136
AU,9,1393,271,Oceania,-25.274398,133.775136
AU,10,519,25,Oceania,-25.274398,133.775136
AU,11,311,0,Oceania,-25.274398,133.775136
AU,12,138,1,Oceania,-25.274398,133.775136
AW,3,50,0,North America,12.52111,-69.968338
AW,4,50,2,North America,12.52111,-69.968338
AW,5,1,1,North America,12.52111,-69.968338
AW,6,2,0,North America,12.52111,-69.968338
AW,7,17,0,North America,12.52111,-69.968338
AW,8,1877,7,North America,12.52111,-69.968338
AW,9,1937,16,North America,12.52111,-69.968338
AW,10,538,11,North America,12.52111,-69.968338
AW,11,366,8,North America,12.52111,-69.968338
AW,12,211,1,North America,12.52111,-69.968338
AZ,1,0,0,Asia,40.143105,47.57692700000001
AZ,2,1,0,Asia,40.143105,47.57692700000001
AZ,3,272,4,Asia,40.143105,47.57692700000001
AZ,4,1493,19,Asia,40.143105,47.57692700000001
AZ,5,3480,38,Asia,40.143105,47.57692700000001
AZ,6,11722,145,Asia,40.143105,47.57692700000001
AZ,7,14592,235,Asia,40.143105,47.57692700000001
AZ,8,4749,90,Asia,40.143105,47.57692700000001
AZ,9,3810,59,Asia,40.143105,47.57692700000001
AZ,10,14055,128,Asia,40.143105,47.57692700000001
AZ,11,64021,643,Asia,40.143105,47.57692700000001
AZ,12,57679,561,Asia,40.143105,47.57692700000001
BA,3,353,8,Europe,43.915886,17.679076000000006
BA,4,1336,56,Europe,43.915886,17.679076000000006
BA,5,804,88,Europe,43.915886,17.679076000000006
BA,6,1850,31,Europe,43.915886,17.679076000000006
BA,7,7101,145,Europe,43.915886,17.679076000000006
BA,8,8345,264,Europe,43.915886,17.679076000000006
BA,9,7433,244,Europe,43.915886,17.679076000000006
BA,10,20931,376,Europe,43.915886,17.679076000000006
BA,11,39221,1408,Europe,43.915886,17.679076000000006
BA,12,13743,716,Europe,43.915886,17.679076000000006
BB,3,34,0,North America,13.193887,-59.543198
BB,4,46,7,North America,13.193887,-59.543198
BB,5,12,0,North America,13.193887,-59.543198
BB,6,5,0,North America,13.193887,-59.543198
BB,7,13,0,North America,13.193887,-59.543198
BB,8,63,0,North America,13.193887,-59.543198
BB,9,17,0,North America,13.193887,-59.543198
BB,10,46,0,North America,13.193887,-59.543198
BB,11,39,0,North America,13.193887,-59.543198
BB,12,17,0,North America,13.193887,-59.543198
BD,3,49,5,Asia,23.684994,90.356331
BD,4,7054,158,Asia,23.684994,90.356331
BD,5,37505,447,Asia,23.684994,90.356331
BD,6,97193,1173,Asia,23.684994,90.356331
BD,7,93088,1300,Asia,23.684994,90.356331
BD,8,75933,1165,Asia,23.684994,90.356331
BD,9,51221,971,Asia,23.684994,90.356331
BD,10,44321,686,Asia,23.684994,90.356331
BD,11,56043,704,Asia,23.684994,90.356331
BD,12,28126,443,Asia,23.684994,90.356331
BE,1,0,0,Europe,50.503887,4.469936
BE,2,1,0,Europe,50.503887,4.469936
BE,3,15303,1170,Europe,50.503887,4.469936
BE,4,34666,6609,Europe,50.503887,4.469936
BE,5,8978,1576,Europe,50.503887,4.469936
BE,6,2972,278,Europe,50.503887,4.469936
BE,7,7706,79,Europe,50.503887,4.469936
BE,8,15816,185,Europe,50.503887,4.469936
BE,9,36970,125,Europe,50.503887,4.469936
BE,10,320023,1657,Europe,50.503887,4.469936
BE,11,135396,5076,Europe,50.503887,4.469936
BE,12,30170,1196,Europe,50.503887,4.469936
BF,3,222,12,Africa,12.238333,-1.561593
BF,4,419,31,Africa,12.238333,-1.561593
BF,5,212,10,Africa,12.238333,-1.561593
BF,6,106,0,Africa,12.238333,-1.561593
BF,7,158,0,Africa,12.238333,-1.561593
BF,8,251,2,Africa,12.238333,-1.561593
BF,9,664,3,Africa,12.238333,-1.561593
BF,10,445,9,Africa,12.238333,-1.561593
BF,11,379,1,Africa,12.238333,-1.561593
BF,12,1174,3,Africa,12.238333,-1.561593
BG,3,359,8,Europe,42.733883,25.48583
BG,4,1088,56,Europe,42.733883,25.48583
BG,5,1066,76,Europe,42.733883,25.48583
BG,6,2318,83,Europe,42.733883,25.48583
BG,7,6589,151,Europe,42.733883,25.48583
BG,8,4770,239,Europe,42.733883,25.48583
BG,9,4357,201,Europe,42.733883,25.48583
BG,10,30494,440,Europe,42.733883,25.48583
BG,11,91445,2560,Europe,42.733883,25.48583
BG,12,36963,1874,Europe,42.733883,25.48583
BH,1,0,0,Asia,25.930414000000006,50.637772
BH,2,38,0,Asia,25.930414000000006,50.637772
BH,3,477,4,Asia,25.930414000000006,50.637772
BH,4,2406,4,Asia,25.930414000000006,50.637772
BH,5,7872,9,Asia,25.930414000000006,50.637772
BH,6,15446,67,Asia,25.930414000000006,50.637772
BH,7,14516,62,Asia,25.930414000000006,50.637772
BH,8,10819,43,Asia,25.930414000000006,50.637772
BH,9,18848,57,Asia,25.930414000000006,50.637772
BH,10,11044,73,Asia,25.930414000000006,50.637772
BH,11,5321,22,Asia,25.930414000000006,50.637772
BH,12,2356,7,Asia,25.930414000000006,50.637772
BJ,3,6,0,Africa,9.30769,2.315834
BJ,4,63,2,Africa,9.30769,2.315834
BJ,5,163,1,Africa,9.30769,2.315834
BJ,6,955,16,Africa,9.30769,2.315834
BJ,7,583,16,Africa,9.30769,2.315834
BJ,8,375,5,Africa,9.30769,2.315834
BJ,9,195,0,Africa,9.30769,2.315834
BJ,10,303,1,Africa,9.30769,2.315834
BJ,11,331,2,Africa,9.30769,2.315834
BJ,12,116,1,Africa,9.30769,2.315834
BM,3,27,0,North America,32.321384,-64.75737
BM,4,84,6,North America,32.321384,-64.75737
BM,5,29,3,North America,32.321384,-64.75737
BM,6,6,0,North America,32.321384,-64.75737
BM,7,10,0,North America,32.321384,-64.75737
BM,8,13,0,North America,32.321384,-64.75737
BM,9,12,0,North America,32.321384,-64.75737
BM,10,18,0,North America,32.321384,-64.75737
BM,11,52,0,North America,32.321384,-64.75737
BM,12,180,0,North America,32.321384,-64.75737
BN,3,127,1,Asia,4.535277,114.727669
BN,4,11,0,Asia,4.535277,114.727669
BN,5,3,1,Asia,4.535277,114.727669
BN,6,0,1,Asia,4.535277,114.727669
BN,7,0,0,Asia,4.535277,114.727669
BN,8,3,0,Asia,4.535277,114.727669
BN,9,2,0,Asia,4.535277,114.727669
BN,10,2,0,Asia,4.535277,114.727669
BN,11,2,0,Asia,4.535277,114.727669
BN,12,2,0,Asia,4.535277,114.727669
BO,3,107,6,South America,-16.290154,-63.588653
BO,4,1003,53,South America,-16.290154,-63.588653
BO,5,8482,251,South America,-16.290154,-63.588653
BO,6,22533,761,South America,-16.290154,-63.588653
BO,7,43109,1823,South America,-16.290154,-63.588653
BO,8,40734,2072,South America,-16.290154,-63.588653
BO,9,18673,2965,South America,-16.290154,-63.588653
BO,10,6990,784,South America,-16.290154,-63.588653
BO,11,2991,237,South America,-16.290154,-63.588653
BO,12,2528,66,South America,-16.290154,-63.588653
BR,1,0,0,South America,-14.235004,-51.92528
BR,2,1,0,South America,-14.235004,-51.92528
BR,3,4578,159,South America,-14.235004,-51.92528
BR,4,73583,5307,South America,-14.235004,-51.92528
BR,5,420278,23368,South America,-14.235004,-51.92528
BR,6,869755,29480,South America,-14.235004,-51.92528
BR,7,1241907,32949,South America,-14.235004,-51.92528
BR,8,1252209,29565,South America,-14.235004,-51.92528
BR,9,915211,22093,South America,-14.235004,-51.92528
BR,10,739136,16556,South America,-14.235004,-51.92528
BR,11,798082,13356,South America,-14.235004,-51.92528
BR,12,587212,8569,South America,-14.235004,-51.92528
BS,3,14,0,North America,25.03428,-77.39628
BS,4,66,11,North America,25.03428,-77.39628
BS,5,22,0,North America,25.03428,-77.39628
BS,6,2,0,North America,25.03428,-77.39628
BS,7,404,3,North America,25.03428,-77.39628
BS,8,1659,29,North America,25.03428,-77.39628
BS,9,1736,48,North America,25.03428,-77.39628
BS,10,2741,51,North America,25.03428,-77.39628
BS,11,852,21,North America,25.03428,-77.39628
BS,12,178,0,North America,25.03428,-77.39628
BT,3,4,0,Asia,27.514162,90.433601
BT,4,3,0,Asia,27.514162,90.433601
BT,5,36,0,Asia,27.514162,90.433601
BT,6,34,0,Asia,27.514162,90.433601
BT,7,24,0,Asia,27.514162,90.433601
BT,8,123,0,Asia,27.514162,90.433601
BT,9,57,0,Asia,27.514162,90.433601
BT,10,67,0,Asia,27.514162,90.433601
BT,11,48,0,Asia,27.514162,90.433601
BT,12,42,0,Asia,27.514162,90.433601
BY,1,0,0,Europe,53.709807,27.953389
BY,2,1,0,Europe,53.709807,27.953389
BY,3,104,0,Europe,53.709807,27.953389
BY,4,13076,84,Europe,53.709807,27.953389
BY,5,28477,145,Europe,53.709807,27.953389
BY,6,20132,158,Europe,53.709807,27.953389
BY,7,5875,166,Europe,53.709807,27.953389
BY,8,4022,123,Europe,53.709807,27.953389
BY,9,6573,152,Europe,53.709807,27.953389
BY,10,19239,149,Europe,53.709807,27.953389
BY,11,37509,174,Europe,53.709807,27.953389
BY,12,25287,112,Europe,53.709807,27.953389
BZ,3,3,0,North America,17.189877,-88.49765
BZ,4,15,2,North America,17.189877,-88.49765
BZ,5,0,0,North America,17.189877,-88.49765
BZ,6,6,0,North America,17.189877,-88.49765
BZ,7,24,0,North America,17.189877,-88.49765
BZ,8,946,11,North America,17.189877,-88.49765
BZ,9,949,13,North America,17.189877,-88.49765
BZ,10,1519,32,North America,17.189877,-88.49765
BZ,11,2281,89,North America,17.189877,-88.49765
BZ,12,3552,48,North America,17.189877,-88.49765
CA,1,3,0,North America,56.130366,-106.346771
CA,2,13,0,North America,56.130366,-106.346771
CA,3,7408,89,North America,56.130366,-106.346771
CA,4,44163,2907,North America,56.130366,-106.346771
CA,5,38592,4077,North America,56.130366,-106.346771
CA,6,13728,1493,North America,56.130366,-106.346771
CA,7,11878,363,North America,56.130366,-106.346771
CA,8,12155,188,North America,56.130366,-106.346771
CA,9,29021,174,North America,56.130366,-106.346771
CA,10,75038,819,North America,56.130366,-106.346771
CA,11,138279,1922,North America,56.130366,-106.346771
CA,12,90465,1399,North America,56.130366,-106.346771
CD,3,98,8,Africa,-4.0383330000000015,21.758664000000003
CD,4,402,23,Africa,-4.0383330000000015,21.758664000000003
CD,5,2466,38,Africa,-4.0383330000000015,21.758664000000003
CD,6,3973,98,Africa,-4.0383330000000015,21.758664000000003
CD,7,2071,47,Africa,-4.0383330000000015,21.758664000000003
CD,8,1034,43,Africa,-4.0383330000000015,21.758664000000003
CD,9,586,14,Africa,-4.0383330000000015,21.758664000000003
CD,10,675,35,Africa,-4.0383330000000015,21.758664000000003
CD,11,1396,26,Africa,-4.0383330000000015,21.758664000000003
CD,12,1811,23,Africa,-4.0383330000000015,21.758664000000003
CF,3,6,0,Africa,6.611111,20.939444
CF,4,44,0,Africa,6.611111,20.939444
CF,5,912,1,Africa,6.611111,20.939444
CF,6,2651,46,Africa,6.611111,20.939444
CF,7,992,12,Africa,6.611111,20.939444
CF,8,95,2,Africa,6.611111,20.939444
CF,9,125,1,Africa,6.611111,20.939444
CF,10,41,0,Africa,6.611111,20.939444
CF,11,47,1,Africa,6.611111,20.939444
CF,12,23,0,Africa,6.611111,20.939444
CG,3,19,0,Africa,-0.228021,15.827659
CG,4,201,9,Africa,-0.228021,15.827659
CG,5,367,10,Africa,-0.228021,15.827659
CG,6,658,21,Africa,-0.228021,15.827659
CG,7,2131,16,Africa,-0.228021,15.827659
CG,8,603,22,Africa,-0.228021,15.827659
CG,9,1110,11,Africa,-0.228021,15.827659
CG,10,201,3,Africa,-0.228021,15.827659
CG,11,484,2,Africa,-0.228021,15.827659
CG,12,275,5,Africa,-0.228021,15.827659
CH,1,0,0,Europe,46.818188,8.227511999999999
CH,2,12,0,Europe,46.818188,8.227511999999999
CH,3,15400,295,Europe,46.818188,8.227511999999999
CH,4,13912,1112,Europe,46.818188,8.227511999999999
CH,5,1438,249,Europe,46.818188,8.227511999999999
CH,6,807,25,Europe,46.818188,8.227511999999999
CH,7,3364,22,Europe,46.818188,8.227511999999999
CH,8,6973,21,Europe,46.818188,8.227511999999999
CH,9,10845,57,Europe,46.818188,8.227511999999999
CH,10,100977,254,Europe,46.818188,8.227511999999999
CH,11,163289,2201,Europe,46.818188,8.227511999999999
CH,12,55312,1142,Europe,46.818188,8.227511999999999
CI,3,168,1,Africa,7.539989,-5.54708
CI,4,1070,13,Africa,7.539989,-5.54708
CI,5,1561,19,Africa,7.539989,-5.54708
CI,6,6415,33,Africa,7.539989,-5.54708
CI,7,6764,34,Africa,7.539989,-5.54708
CI,8,1970,15,Africa,7.539989,-5.54708
CI,9,1721,5,Africa,7.539989,-5.54708
CI,10,1023,4,Africa,7.539989,-5.54708
CI,11,618,7,Africa,7.539989,-5.54708
CI,12,370,2,Africa,7.539989,-5.54708
CL,3,2449,8,South America,-35.675147,-71.542969
CL,4,12436,208,South America,-35.675147,-71.542969
CL,5,79973,781,South America,-35.675147,-71.542969
CL,6,181141,4578,South America,-35.675147,-71.542969
CL,7,77537,3802,South America,-35.675147,-71.542969
CL,8,56438,1867,South America,-35.675147,-71.542969
CL,9,51326,1481,South America,-35.675147,-71.542969
CL,10,47271,1433,South America,-35.675147,-71.542969
CL,11,41859,1198,South America,-35.675147,-71.542969
CL,12,21489,530,South America,-35.675147,-71.542969
CM,3,142,2,Africa,7.369722,12.354722
CM,4,1690,59,Africa,7.369722,12.354722
CM,5,4072,130,Africa,7.369722,12.354722
CM,6,6688,122,Africa,7.369722,12.354722
CM,7,4663,74,Africa,7.369722,12.354722
CM,8,1887,24,Africa,7.369722,12.354722
CM,9,1696,7,Africa,7.369722,12.354722
CM,10,955,8,Africa,7.369722,12.354722
CM,11,2324,11,Africa,7.369722,12.354722
CM,12,1026,6,Africa,7.369722,12.354722
CN,1,9687,213,Asia,35.86166,104.195397
CN,2,69641,2624,Asia,35.86166,104.195397
CN,3,2886,472,Asia,35.86166,104.195397
CN,4,1703,1328,Asia,35.86166,104.195397
CN,5,184,1,Asia,35.86166,104.195397
CN,6,652,3,Asia,35.86166,104.195397
CN,7,2709,18,Asia,35.86166,104.195397
CN,8,2406,63,Asia,35.86166,104.195397
CN,9,633,17,Asia,35.86166,104.195397
CN,10,771,0,Asia,35.86166,104.195397
CN,11,515,0,Asia,35.86166,104.195397
CN,12,207,0,Asia,35.86166,104.195397
CO,3,798,14,South America,4.570868,-74.297333
CO,4,5413,264,South America,4.570868,-74.297333
CO,5,22025,612,South America,4.570868,-74.297333
CO,6,66807,2333,South America,4.570868,-74.297333
CO,7,190977,6587,South America,4.570868,-74.297333
CO,8,321918,9554,South America,4.570868,-74.297333
CO,9,216104,6464,South America,4.570868,-74.297333
CO,10,239109,5307,South America,4.570868,-74.297333
CO,11,245225,5449,South America,4.570868,-74.297333
CO,12,117398,2469,South America,4.570868,-74.297333
CR,3,330,2,North America,9.748917,-83.753428
CR,4,383,4,North America,9.748917,-83.753428
CR,5,334,4,North America,9.748917,-83.753428
CR,6,2222,5,North America,9.748917,-83.753428
CR,7,14021,125,North America,9.748917,-83.753428
CR,8,22409,278,North America,9.748917,-83.753428
CR,9,34905,462,North America,9.748917,-83.753428
CR,10,34262,491,North America,9.748917,-83.753428
CR,11,28227,319,North America,9.748917,-83.753428
CR,12,13854,205,North America,9.748917,-83.753428
CU,3,170,4,North America,21.521757,-77.78116700000002
CU,4,1297,54,North America,21.521757,-77.78116700000002
CU,5,558,25,North America,21.521757,-77.78116700000002
CU,6,315,3,North America,21.521757,-77.78116700000002
CU,7,257,1,North America,21.521757,-77.78116700000002
CU,8,1376,7,North America,21.521757,-77.78116700000002
CU,9,1558,28,North America,21.521757,-77.78116700000002
CU,10,1270,6,North America,21.521757,-77.78116700000002
CU,11,1432,6,North America,21.521757,-77.78116700000002
CU,12,1190,3,North America,21.521757,-77.78116700000002
CV,3,5,1,Africa,16.002082,-24.013197
CV,4,108,0,Africa,16.002082,-24.013197
CV,5,308,3,Africa,16.002082,-24.013197
CV,6,744,8,Africa,16.002082,-24.013197
CV,7,1208,11,Africa,16.002082,-24.013197
CV,8,1479,17,Africa,16.002082,-24.013197
CV,9,2048,19,Africa,16.002082,-24.013197
CV,10,2794,36,Africa,16.002082,-24.013197
CV,11,1832,9,Africa,16.002082,-24.013197
CV,12,831,6,Africa,16.002082,-24.013197
CY,3,230,7,Europe,35.126413,33.429859
CY,4,613,8,Europe,35.126413,33.429859
CY,5,100,2,Europe,35.126413,33.429859
CY,6,53,2,Europe,35.126413,33.429859
CY,7,88,0,Europe,35.126413,33.429859
CY,8,403,2,Europe,35.126413,33.429859
CY,9,256,1,Europe,35.126413,33.429859
CY,10,2474,3,Europe,35.126413,33.429859
CY,11,6166,23,Europe,35.126413,33.429859
CY,12,4718,30,Europe,35.126413,33.429859
CZ,1,0,0,Europe,49.817492,15.472962
CZ,2,0,0,Europe,49.817492,15.472962
CZ,3,3002,24,Europe,49.817492,15.472962
CZ,4,4577,203,Europe,49.817492,15.472962
CZ,5,1651,92,Europe,49.817492,15.472962
CZ,6,2575,29,Europe,49.817492,15.472962
CZ,7,4537,31,Europe,49.817492,15.472962
CZ,8,8025,44,Europe,49.817492,15.472962
CZ,9,43476,213,Europe,49.817492,15.472962
CZ,10,255830,2442,Europe,49.817492,15.472962
CZ,11,196050,5060,Europe,49.817492,15.472962
CZ,12,61356,1471,Europe,49.817492,15.472962
DE,1,5,0,Europe,51.165691,10.451526
DE,2,52,0,Europe,51.165691,10.451526
DE,3,61856,583,Europe,51.165691,10.451526
DE,4,97206,5705,Europe,51.165691,10.451526
DE,5,22363,2212,Europe,51.165691,10.451526
DE,6,12777,473,Europe,51.165691,10.451526
DE,7,14439,168,Europe,51.165691,10.451526
DE,8,33683,157,Europe,51.165691,10.451526
DE,9,46838,190,Europe,51.165691,10.451526
DE,10,229534,964,Europe,51.165691,10.451526
DE,11,535116,5796,Europe,51.165691,10.451526
DE,12,283209,5727,Europe,51.165691,10.451526
DJ,3,26,0,Africa,11.825138,42.590275
DJ,4,1051,2,Africa,11.825138,42.590275
DJ,5,2117,20,Africa,11.825138,42.590275
DJ,6,1462,31,Africa,11.825138,42.590275
DJ,7,425,5,Africa,11.825138,42.590275
DJ,8,304,2,Africa,11.825138,42.590275
DJ,9,31,1,Africa,11.825138,42.590275
DJ,10,143,0,Africa,11.825138,42.590275
DJ,11,118,0,Africa,11.825138,42.590275
DJ,12,51,0,Africa,11.825138,42.590275
DK,1,0,0,Europe,56.26392,9.501785
DK,2,2,0,Europe,56.26392,9.501785
DK,3,2575,77,Europe,56.26392,9.501785
DK,4,6431,366,Europe,56.26392,9.501785
DK,5,2625,128,Europe,56.26392,9.501785
DK,6,1118,34,Europe,56.26392,9.501785
DK,7,974,10,Europe,56.26392,9.501785
DK,8,2975,9,Europe,56.26392,9.501785
DK,9,10764,26,Europe,56.26392,9.501785
DK,10,17761,69,Europe,56.26392,9.501785
DK,11,34127,110,Europe,56.26392,9.501785
DK,12,30406,112,Europe,56.26392,9.501785
DM,3,11,0,North America,15.414999,-61.370976
DM,4,5,0,North America,15.414999,-61.370976
DM,5,0,0,North America,15.414999,-61.370976
DM,6,2,0,North America,15.414999,-61.370976
DM,7,0,0,North America,15.414999,-61.370976
DM,8,2,0,North America,15.414999,-61.370976
DM,9,4,0,North America,15.414999,-61.370976
DM,10,18,0,North America,15.414999,-61.370976
DM,11,43,0,North America,15.414999,-61.370976
DM,12,2,0,North America,15.414999,-61.370976
DO,1,0,0,North America,18.735693,-70.162651
DO,2,0,0,North America,18.735693,-70.162651
DO,3,901,42,North America,18.735693,-70.162651
DO,4,5751,251,North America,18.735693,-70.162651
DO,5,10256,205,North America,18.735693,-70.162651
DO,6,14908,235,North America,18.735693,-70.162651
DO,7,36099,413,North America,18.735693,-70.162651
DO,8,26326,535,North America,18.735693,-70.162651
DO,9,17659,420,North America,18.735693,-70.162651
DO,10,14432,135,North America,18.735693,-70.162651
DO,11,17141,94,North America,18.735693,-70.162651
DO,12,11219,31,North America,18.735693,-70.162651
DZ,1,0,0,Africa,28.033886,1.6596259999999998
DZ,2,1,0,Africa,28.033886,1.6596259999999998
DZ,3,583,35,Africa,28.033886,1.6596259999999998
DZ,4,3264,409,Africa,28.033886,1.6596259999999998
DZ,5,5419,202,Africa,28.033886,1.6596259999999998
DZ,6,4304,259,Africa,28.033886,1.6596259999999998
DZ,7,16260,295,Africa,28.033886,1.6596259999999998
DZ,8,14315,301,Africa,28.033886,1.6596259999999998
DZ,9,7222,225,Africa,28.033886,1.6596259999999998
DZ,10,6283,230,Africa,28.033886,1.6596259999999998
DZ,11,24570,454,Africa,28.033886,1.6596259999999998
DZ,12,9881,186,Africa,28.033886,1.6596259999999998
EC,1,0,0,South America,-1.831239,-78.183406
EC,2,0,0,South America,-1.831239,-78.183406
EC,3,1966,62,South America,-1.831239,-78.183406
EC,4,22709,821,South America,-1.831239,-78.183406
EC,5,13896,2451,South America,-1.831239,-78.183406
EC,6,17094,1168,South America,-1.831239,-78.183406
EC,7,28705,1155,South America,-1.831239,-78.183406
EC,8,29278,898,South America,-1.831239,-78.183406
EC,9,22101,4757,South America,-1.831239,-78.183406
EC,10,31398,1320,South America,-1.831239,-78.183406
EC,11,24970,791,South America,-1.831239,-78.183406
EC,12,9993,452,South America,-1.831239,-78.183406
EE,1,0,0,Europe,58.595272,25.013607
EE,2,1,0,Europe,58.595272,25.013607
EE,3,714,3,Europe,58.595272,25.013607
EE,4,951,47,Europe,58.595272,25.013607
EE,5,199,13,Europe,58.595272,25.013607
EE,6,122,0,Europe,58.595272,25.013607
EE,7,64,0,Europe,58.595272,25.013607
EE,8,322,1,Europe,58.595272,25.013607
EE,9,942,0,Europe,58.595272,25.013607
EE,10,1456,9,Europe,58.595272,25.013607
EE,11,7281,39,Europe,58.595272,25.013607
EE,12,6003,37,Europe,58.595272,25.013607
EG,1,0,0,Africa,26.820553000000004,30.802498
EG,2,1,0,Africa,26.820553000000004,30.802498
EG,3,608,40,Africa,26.820553000000004,30.802498
EG,4,4659,340,Africa,26.820553000000004,30.802498
EG,5,18181,533,Africa,26.820553000000004,30.802498
EG,6,43305,1959,Africa,26.820553000000004,30.802498
EG,7,27003,1902,Africa,26.820553000000004,30.802498
EG,8,4970,625,Africa,26.820553000000004,30.802498
EG,9,4352,515,Africa,26.820553000000004,30.802498
EG,10,4297,344,Africa,26.820553000000004,30.802498
EG,11,8165,378,Africa,26.820553000000004,30.802498
EG,12,6034,284,Africa,26.820553000000004,30.802498
ER,3,12,0,Africa,15.179384,39.78233400000001
ER,4,27,0,Africa,15.179384,39.78233400000001
ER,5,0,0,Africa,15.179384,39.78233400000001
ER,6,152,0,Africa,15.179384,39.78233400000001
ER,7,88,0,Africa,15.179384,39.78233400000001
ER,8,39,0,Africa,15.179384,39.78233400000001
ER,9,57,0,Africa,15.179384,39.78233400000001
ER,10,86,0,Africa,15.179384,39.78233400000001
ER,11,116,0,Africa,15.179384,39.78233400000001
ER,12,134,0,Africa,15.179384,39.78233400000001
ES,1,0,0,Europe,40.463667,-3.74922
ES,2,54,0,Europe,40.463667,-3.74922
ES,3,104213,7340,Europe,40.463667,-3.74922
ES,4,110916,17203,Europe,40.463667,-3.74922
ES,5,24246,2584,Europe,40.463667,-3.74922
ES,6,9842,1228,Europe,40.463667,-3.74922
ES,7,39251,90,Europe,40.463667,-3.74922
ES,8,174336,649,Europe,40.463667,-3.74922
ES,9,306330,2697,Europe,40.463667,-3.74922
ES,10,416490,4087,Europe,40.463667,-3.74922
ES,11,462509,9191,Europe,40.463667,-3.74922
ES,12,82388,2555,Europe,40.463667,-3.74922
ET,3,23,0,Africa,9.145,40.489673
ET,4,107,3,Africa,9.145,40.489673
ET,5,933,5,Africa,9.145,40.489673
ET,6,4783,95,Africa,9.145,40.489673
ET,7,10769,160,Africa,9.145,40.489673
ET,8,34507,530,Africa,9.145,40.489673
ET,9,23462,398,Africa,9.145,40.489673
ET,10,21205,273,Africa,9.145,40.489673
ET,11,13745,236,Africa,9.145,40.489673
ET,12,7235,106,Africa,9.145,40.489673
FI,1,1,0,Europe,61.92411,25.748151
FI,2,2,0,Europe,61.92411,25.748151
FI,3,1310,13,Europe,61.92411,25.748151
FI,4,3593,193,Europe,61.92411,25.748151
FI,5,1920,110,Europe,61.92411,25.748151
FI,6,383,12,Europe,61.92411,25.748151
FI,7,214,1,Europe,61.92411,25.748151
FI,8,654,6,Europe,61.92411,25.748151
FI,9,1815,8,Europe,61.92411,25.748151
FI,10,6018,15,Europe,61.92411,25.748151
FI,11,8719,35,Europe,61.92411,25.748151
FI,12,6181,60,Europe,61.92411,25.748151
FJ,3,5,0,Oceania,-16.578193,179.414413
FJ,4,13,0,Oceania,-16.578193,179.414413
FJ,5,0,0,Oceania,-16.578193,179.414413
FJ,6,0,0,Oceania,-16.578193,179.414413
FJ,7,9,0,Oceania,-16.578193,179.414413
FJ,8,1,2,Oceania,-16.578193,179.414413
FJ,9,4,0,Oceania,-16.578193,179.414413
FJ,10,2,0,Oceania,-16.578193,179.414413
FJ,11,8,0,Oceania,-16.578193,179.414413
FJ,12,4,0,Oceania,-16.578193,179.414413
FO,3,168,0,Europe,61.892635,-6.911806
FO,4,19,0,Europe,61.892635,-6.911806
FO,5,0,0,Europe,61.892635,-6.911806
FO,6,0,0,Europe,61.892635,-6.911806
FO,7,33,0,Europe,61.892635,-6.911806
FO,8,191,0,Europe,61.892635,-6.911806
FO,9,52,0,Europe,61.892635,-6.911806
FO,10,31,0,Europe,61.892635,-6.911806
FO,11,8,0,Europe,61.892635,-6.911806
FO,12,26,0,Europe,61.892635,-6.911806
FR,1,6,0,Europe,46.227638,2.213749
FR,2,51,2,Europe,46.227638,2.213749
FR,3,44493,3022,Europe,46.227638,2.213749
FR,4,83892,21063,Europe,46.227638,2.213749
FR,5,23054,4684,Europe,46.227638,2.213749
FR,6,12764,1042,Europe,46.227638,2.213749
FR,7,22313,441,Europe,46.227638,2.213749
FR,8,91370,352,Europe,46.227638,2.213749
FR,9,272747,1287,Europe,46.227638,2.213749
FR,10,781294,4672,Europe,46.227638,2.213749
FR,11,886499,15760,Europe,46.227638,2.213749
FR,12,158369,5586,Europe,46.227638,2.213749
GA,3,7,1,Africa,-0.803689,11.609444
GA,4,269,2,Africa,-0.803689,11.609444
GA,5,2379,14,Africa,-0.803689,11.609444
GA,6,2739,25,Africa,-0.803689,11.609444
GA,7,1958,7,Africa,-0.803689,11.609444
GA,8,1153,4,Africa,-0.803689,11.609444
GA,9,247,1,Africa,-0.803689,11.609444
GA,10,216,1,Africa,-0.803689,11.609444
GA,11,223,4,Africa,-0.803689,11.609444
GA,12,139,4,Africa,-0.803689,11.609444
GD,3,9,0,North America,12.262776,-61.604171
GD,4,11,0,North America,12.262776,-61.604171
GD,5,3,0,North America,12.262776,-61.604171
GD,6,0,0,North America,12.262776,-61.604171
GD,7,1,0,North America,12.262776,-61.604171
GD,8,0,0,North America,12.262776,-61.604171
GD,9,0,0,North America,12.262776,-61.604171
GD,10,4,0,North America,12.262776,-61.604171
GD,11,13,0,North America,12.262776,-61.604171
GD,12,28,0,North America,12.262776,-61.604171
GE,1,0,0,Asia,42.315407,43.356892
GE,2,2,0,Asia,42.315407,43.356892
GE,3,96,0,Asia,42.315407,43.356892
GE,4,419,6,Asia,42.315407,43.356892
GE,5,240,6,Asia,42.315407,43.356892
GE,6,171,3,Asia,42.315407,43.356892
GE,7,232,2,Asia,42.315407,43.356892
GE,8,327,2,Asia,42.315407,43.356892
GE,9,4379,14,Asia,42.315407,43.356892
GE,10,33070,274,Asia,42.315407,43.356892
GE,11,96648,960,Asia,42.315407,43.356892
GE,12,55479,572,Asia,42.315407,43.356892
GG,3,45,0,Europe,49.465691,-2.585278
GG,4,206,13,Europe,49.465691,-2.585278
GG,5,1,0,Europe,49.465691,-2.585278
GG,6,0,0,Europe,49.465691,-2.585278
GG,7,0,0,Europe,49.465691,-2.585278
GG,8,0,0,Europe,49.465691,-2.585278
GG,9,4,0,Europe,49.465691,-2.585278
GG,10,11,0,Europe,49.465691,-2.585278
GG,11,19,0,Europe,49.465691,-2.585278
GG,12,3,0,Europe,49.465691,-2.585278
GH,3,152,5,Africa,7.9465270000000015,-1.0231940000000002
GH,4,1519,11,Africa,7.9465270000000015,-1.0231940000000002
GH,5,6097,19,Africa,7.9465270000000015,-1.0231940000000002
GH,6,9583,77,Africa,7.9465270000000015,-1.0231940000000002
GH,7,17791,63,Africa,7.9465270000000015,-1.0231940000000002
GH,8,9063,101,Africa,7.9465270000000015,-1.0231940000000002
GH,9,2277,25,Africa,7.9465270000000015,-1.0231940000000002
GH,10,1573,19,Africa,7.9465270000000015,-1.0231940000000002
GH,11,3514,3,Africa,7.9465270000000015,-1.0231940000000002
GH,12,1445,4,Africa,7.9465270000000015,-1.0231940000000002
GI,3,69,0,Europe,36.137741,-5.345374
GI,4,72,0,Europe,36.137741,-5.345374
GI,5,20,0,Europe,36.137741,-5.345374
GI,6,16,0,Europe,36.137741,-5.345374
GI,7,10,0,Europe,36.137741,-5.345374
GI,8,98,0,Europe,36.137741,-5.345374
GI,9,106,0,Europe,36.137741,-5.345374
GI,10,302,0,Europe,36.137741,-5.345374
GI,11,321,5,Europe,36.137741,-5.345374
GI,12,61,0,Europe,36.137741,-5.345374
GL,3,10,0,North America,71.706936,-42.604303
GL,4,1,0,North America,71.706936,-42.604303
GL,5,2,0,North America,71.706936,-42.604303
GL,6,0,0,North America,71.706936,-42.604303
GL,7,1,0,North America,71.706936,-42.604303
GL,8,0,0,North America,71.706936,-42.604303
GL,9,0,0,North America,71.706936,-42.604303
GL,10,3,0,North America,71.706936,-42.604303
GL,11,1,0,North America,71.706936,-42.604303
GL,12,1,0,North America,71.706936,-42.604303
GM,3,4,1,Africa,13.443182,-15.310139
GM,4,7,0,Africa,13.443182,-15.310139
GM,5,14,0,Africa,13.443182,-15.310139
GM,6,22,1,Africa,13.443182,-15.310139
GM,7,356,6,Africa,13.443182,-15.310139
GM,8,2560,88,Africa,13.443182,-15.310139
GM,9,616,16,Africa,13.443182,-15.310139
GM,10,91,7,Africa,13.443182,-15.310139
GM,11,64,4,Africa,13.443182,-15.310139
GM,12,48,0,Africa,13.443182,-15.310139
GN,3,16,0,Africa,9.945587,-9.696645
GN,4,1335,7,Africa,9.945587,-9.696645
GN,5,2355,16,Africa,9.945587,-9.696645
GN,6,1645,8,Africa,9.945587,-9.696645
GN,7,1891,15,Africa,9.945587,-9.696645
GN,8,2129,13,Africa,9.945587,-9.696645
GN,9,1263,7,Africa,9.945587,-9.696645
GN,10,1438,6,Africa,9.945587,-9.696645
GN,11,967,4,Africa,9.945587,-9.696645
GN,12,381,3,Africa,9.945587,-9.696645
GQ,3,14,0,Africa,1.6508009999999995,10.267895
GQ,4,301,1,Africa,1.6508009999999995,10.267895
GQ,5,991,11,Africa,1.6508009999999995,10.267895
GQ,6,695,20,Africa,1.6508009999999995,10.267895
GQ,7,1070,19,Africa,1.6508009999999995,10.267895
GQ,8,1870,32,Africa,1.6508009999999995,10.267895
GQ,9,89,0,Africa,1.6508009999999995,10.267895
GQ,10,58,0,Africa,1.6508009999999995,10.267895
GQ,11,65,2,Africa,1.6508009999999995,10.267895
GQ,12,32,0,Africa,1.6508009999999995,10.267895
GT,3,36,1,North America,15.783471,-90.230759
GT,4,549,15,North America,15.783471,-90.230759
GT,5,4154,86,North America,15.783471,-90.230759
GT,6,12670,644,North America,15.783471,-90.230759
GT,7,31417,1121,North America,15.783471,-90.230759
GT,8,25086,873,North America,15.783471,-90.230759
GT,9,17056,498,North America,15.783471,-90.230759
GT,10,16371,476,North America,15.783471,-90.230759
GT,11,14632,452,North America,15.783471,-90.230759
GT,12,7311,257,North America,15.783471,-90.230759
GU,3,60,1,Oceania,13.444304,144.793731
GU,4,85,4,Oceania,13.444304,144.793731
GU,5,28,0,Oceania,13.444304,144.793731
GU,6,84,0,Oceania,13.444304,144.793731
GU,7,99,0,Oceania,13.444304,144.793731
GU,8,991,5,Oceania,13.444304,144.793731
GU,9,1096,37,Oceania,13.444304,144.793731
GU,10,2238,32,Oceania,13.444304,144.793731
GU,11,2137,33,Oceania,13.444304,144.793731
GU,12,288,6,Oceania,13.444304,144.793731
GY,3,8,1,South America,4.860416000000002,-58.93018000000001
GY,4,70,7,South America,4.860416000000002,-58.93018000000001
GY,5,74,4,South America,4.860416000000002,-58.93018000000001
GY,6,83,0,South America,4.860416000000002,-58.93018000000001
GY,7,166,8,South America,4.860416000000002,-58.93018000000001
GY,8,833,17,South America,4.860416000000002,-58.93018000000001
GY,9,1612,41,South America,4.860416000000002,-58.93018000000001
GY,10,1297,46,South America,4.860416000000002,-58.93018000000001
GY,11,1233,26,South America,4.860416000000002,-58.93018000000001
GY,12,544,5,South America,4.860416000000002,-58.93018000000001
HN,3,141,7,North America,15.199998999999998,-86.241905
HN,4,630,64,North America,15.199998999999998,-86.241905
HN,5,4323,130,North America,15.199998999999998,-86.241905
HN,6,13724,284,North America,15.199998999999998,-86.241905
HN,7,22608,827,North America,15.199998999999998,-86.241905
HN,8,18748,546,North America,15.199998999999998,-86.241905
HN,9,15924,465,North America,15.199998999999998,-86.241905
HN,10,20790,346,North America,15.199998999999998,-86.241905
HN,11,11000,240,North America,15.199998999999998,-86.241905
HN,12,6471,66,North America,15.199998999999998,-86.241905
HR,1,0,0,Europe,45.1,15.2
HR,2,5,0,Europe,45.1,15.2
HR,3,785,6,Europe,45.1,15.2
HR,4,1272,61,Europe,45.1,15.2
HR,5,184,36,Europe,45.1,15.2
HR,6,479,4,Europe,45.1,15.2
HR,7,2346,37,Europe,45.1,15.2
HR,8,5052,40,Europe,45.1,15.2
HR,9,6257,91,Europe,45.1,15.2
HR,10,30167,256,Europe,45.1,15.2
HR,11,80065,1181,Europe,45.1,15.2
HR,12,49274,928,Europe,45.1,15.2
HT,3,15,0,North America,18.971187,-72.28521500000002
HT,4,61,6,North America,18.971187,-72.28521500000002
HT,5,1789,35,North America,18.971187,-72.28521500000002
HT,6,4068,64,North America,18.971187,-72.28521500000002
HT,7,1479,56,North America,18.971187,-72.28521500000002
HT,8,797,40,North America,18.971187,-72.28521500000002
HT,9,538,28,North America,18.971187,-72.28521500000002
HT,10,307,3,North America,18.971187,-72.28521500000002
HT,11,210,0,North America,18.971187,-72.28521500000002
HT,12,301,2,North America,18.971187,-72.28521500000002
HU,3,492,16,Europe,47.162494,19.503304
HU,4,2283,296,Europe,47.162494,19.503304
HU,5,1092,212,Europe,47.162494,19.503304
HU,6,278,61,Europe,47.162494,19.503304
HU,7,360,11,Europe,47.162494,19.503304
HU,8,1456,18,Europe,47.162494,19.503304
HU,9,20500,151,Europe,47.162494,19.503304
HU,10,48860,985,Europe,47.162494,19.503304
HU,11,141801,3073,Europe,47.162494,19.503304
HU,12,66748,2307,Europe,47.162494,19.503304
ID,1,0,0,Asia,-0.789275,113.921327
ID,2,0,0,Asia,-0.789275,113.921327
ID,3,1414,122,Asia,-0.789275,113.921327
ID,4,8357,662,Asia,-0.789275,113.921327
ID,5,16002,789,Asia,-0.789275,113.921327
ID,6,29319,1232,Asia,-0.789275,113.921327
ID,7,51244,2253,Asia,-0.789275,113.921327
ID,8,65717,2285,Asia,-0.789275,113.921327
ID,9,110671,3258,Asia,-0.789275,113.921327
ID,10,124221,3181,Asia,-0.789275,113.921327
ID,11,127321,3033,Asia,-0.789275,113.921327
ID,12,83554,2004,Asia,-0.789275,113.921327
IE,1,0,0,Europe,53.41291,-8.243889999999999
IE,2,0,0,Europe,53.41291,-8.243889999999999
IE,3,2910,54,Europe,53.41291,-8.243889999999999
IE,4,17343,1136,Europe,53.41291,-8.243889999999999
IE,5,4676,460,Europe,53.41291,-8.243889999999999
IE,6,533,85,Europe,53.41291,-8.243889999999999
IE,7,565,28,Europe,53.41291,-8.243889999999999
IE,8,2733,14,Europe,53.41291,-8.243889999999999
IE,9,6980,26,Europe,53.41291,-8.243889999999999
IE,10,25319,105,Europe,53.41291,-8.243889999999999
IE,11,11182,144,Europe,53.41291,-8.243889999999999
IE,12,3944,72,Europe,53.41291,-8.243889999999999
IL,1,0,0,Asia,31.046051,34.851612
IL,2,7,0,Asia,31.046051,34.851612
IL,3,4466,17,Asia,31.046051,34.851612
IL,4,11361,198,Asia,31.046051,34.851612
IL,5,1178,69,Asia,31.046051,34.851612
IL,6,7429,35,Asia,31.046051,34.851612
IL,7,45938,184,Asia,31.046051,34.851612
IL,8,43641,416,Asia,31.046051,34.851612
IL,9,122906,609,Asia,31.046051,34.851612
IL,10,76775,986,Asia,31.046051,34.851612
IL,11,22279,350,Asia,31.046051,34.851612
IL,12,21879,135,Asia,31.046051,34.851612
IM,3,42,0,Europe,54.236107,-4.548056
IM,4,271,21,Europe,54.236107,-4.548056
IM,5,23,3,Europe,54.236107,-4.548056
IM,6,0,0,Europe,54.236107,-4.548056
IM,7,0,0,Europe,54.236107,-4.548056
IM,8,0,0,Europe,54.236107,-4.548056
IM,9,4,0,Europe,54.236107,-4.548056
IM,10,13,0,Europe,54.236107,-4.548056
IM,11,16,1,Europe,54.236107,-4.548056
IM,12,1,0,Europe,54.236107,-4.548056
IN,1,1,0,Asia,20.593684,78.96288
IN,2,2,0,Asia,20.593684,78.96288
IN,3,1248,32,Asia,20.593684,78.96288
IN,4,31799,1042,Asia,20.593684,78.96288
IN,5,149093,4090,Asia,20.593684,78.96288
IN,6,384697,11729,Asia,20.593684,78.96288
IN,7,1072030,18854,Asia,20.593684,78.96288
IN,8,1982375,28722,Asia,20.593684,78.96288
IN,9,2604518,33028,Asia,20.593684,78.96288
IN,10,1911356,24144,Asia,20.593684,78.96288
IN,11,1294572,15498,Asia,20.593684,78.96288
IN,12,452409,6216,Asia,20.593684,78.96288
IQ,1,0,0,Asia,33.223191,43.679291
IQ,2,7,0,Asia,33.223191,43.679291
IQ,3,623,46,Asia,33.223191,43.679291
IQ,4,1373,46,Asia,33.223191,43.679291
IQ,5,4176,103,Asia,33.223191,43.679291
IQ,6,40972,1644,Asia,33.223191,43.679291
IQ,7,74112,2832,Asia,33.223191,43.679291
IQ,8,109914,2288,Asia,33.223191,43.679291
IQ,9,127113,2163,Asia,33.223191,43.679291
IQ,10,112343,1740,Asia,33.223191,43.679291
IQ,11,79802,1362,Asia,33.223191,43.679291
IQ,12,24199,355,Asia,33.223191,43.679291
IR,1,0,0,Asia,32.427908,53.68804599999999
IR,2,388,34,Asia,32.427908,53.68804599999999
IR,3,41107,2723,Asia,32.427908,53.68804599999999
IR,4,52162,3200,Asia,32.427908,53.68804599999999
IR,5,55293,1777,Asia,32.427908,53.68804599999999
IR,6,76255,2936,Asia,32.427908,53.68804599999999
IR,7,76325,5899,Asia,32.427908,53.68804599999999
IR,8,72040,4893,Asia,32.427908,53.68804599999999
IR,9,80067,4524,Asia,32.427908,53.68804599999999
IR,10,151315,8492,Asia,32.427908,53.68804599999999
IR,11,343797,13397,Asia,32.427908,53.68804599999999
IR,12,159520,4321,Asia,32.427908,53.68804599999999
IS,1,0,0,Europe,64.96305100000001,-19.020835
IS,2,1,0,Europe,64.96305100000001,-19.020835
IS,3,1085,2,Europe,64.96305100000001,-19.020835
IS,4,711,8,Europe,64.96305100000001,-19.020835
IS,5,9,0,Europe,64.96305100000001,-19.020835
IS,6,16,0,Europe,64.96305100000001,-19.020835
IS,7,50,0,Europe,64.96305100000001,-19.020835
IS,8,233,0,Europe,64.96305100000001,-19.020835
IS,9,590,0,Europe,64.96305100000001,-19.020835
IS,10,2102,2,Europe,64.96305100000001,-19.020835
IS,11,584,14,Europe,64.96305100000001,-19.020835
IS,12,176,2,Europe,64.96305100000001,-19.020835
IT,1,3,0,Europe,41.87194,12.56738
IT,2,885,21,Europe,41.87194,12.56738
IT,3,100851,11570,Europe,41.87194,12.56738
IT,4,101852,16091,Europe,41.87194,12.56738
IT,5,29073,5658,Europe,41.87194,12.56738
IT,6,7772,1404,Europe,41.87194,12.56738
IT,7,6722,388,Europe,41.87194,12.56738
IT,8,21060,345,Europe,41.87194,12.56738
IT,9,44793,398,Europe,41.87194,12.56738
IT,10,334663,2446,Europe,41.87194,12.56738
IT,11,937504,16583,Europe,41.87194,12.56738
IT,12,258534,9616,Europe,41.87194,12.56738
JE,3,63,2,Europe,49.214439,-2.13125
JE,4,223,19,Europe,49.214439,-2.13125
JE,5,22,8,Europe,49.214439,-2.13125
JE,6,11,2,Europe,49.214439,-2.13125
JE,7,16,0,Europe,49.214439,-2.13125
JE,8,39,1,Europe,49.214439,-2.13125
JE,9,35,0,Europe,49.214439,-2.13125
JE,10,165,0,Europe,49.214439,-2.13125
JE,11,354,0,Europe,49.214439,-2.13125
JE,12,851,0,Europe,49.214439,-2.13125
JM,3,38,1,North America,18.109581,-77.297508
JM,4,358,6,North America,18.109581,-77.297508
JM,5,185,2,North America,18.109581,-77.297508
JM,6,117,1,North America,18.109581,-77.297508
JM,7,166,0,North America,18.109581,-77.297508
JM,8,1493,11,North America,18.109581,-77.297508
JM,9,4025,79,North America,18.109581,-77.297508
JM,10,2623,105,North America,18.109581,-77.297508
JM,11,1704,51,North America,18.109581,-77.297508
JM,12,1001,17,North America,18.109581,-77.297508
JO,3,268,5,Asia,30.585164,36.238414
JO,4,183,3,Asia,30.585164,36.238414
JO,5,283,1,Asia,30.585164,36.238414
JO,6,394,0,Asia,30.585164,36.238414
JO,7,63,2,Asia,30.585164,36.238414
JO,8,775,4,Asia,30.585164,36.238414
JO,9,8083,42,Asia,30.585164,36.238414
JO,10,59257,715,Asia,30.585164,36.238414
JO,11,145001,1922,Asia,30.585164,36.238414
JO,12,45307,671,Asia,30.585164,36.238414
JP,1,14,0,Asia,36.204824,138.252924
JP,2,216,3,Asia,36.204824,138.252924
JP,3,1723,53,Asia,36.204824,138.252924
JP,4,12135,359,Asia,36.204824,138.252924
JP,5,2763,476,Asia,36.204824,138.252924
JP,6,1742,81,Asia,36.204824,138.252924
JP,7,15181,33,Asia,36.204824,138.252924
JP,8,34091,274,Asia,36.204824,138.252924
JP,9,15145,285,Asia,36.204824,138.252924
JP,10,17382,191,Asia,36.204824,138.252924
JP,11,46368,364,Asia,36.204824,138.252924
JP,12,32893,466,Asia,36.204824,138.252924
KE,3,50,1,Africa,-0.023559,37.906193
KE,4,334,14,Africa,-0.023559,37.906193
KE,5,1504,48,Africa,-0.023559,37.906193
KE,6,4302,81,Africa,-0.023559,37.906193
KE,7,13723,181,Africa,-0.023559,37.906193
KE,8,14144,249,Africa,-0.023559,37.906193
KE,9,4321,133,Africa,-0.023559,37.906193
KE,10,15419,274,Africa,-0.023559,37.906193
KE,11,29519,471,Africa,-0.023559,37.906193
KE,12,8576,135,Africa,-0.023559,37.906193
KG,3,84,0,Asia,41.20438,74.766098
KG,4,662,8,Asia,41.20438,74.766098
KG,5,1002,8,Asia,41.20438,74.766098
KG,6,3548,41,Asia,41.20438,74.766098
KG,7,30509,1321,Asia,41.20438,74.766098
KG,8,8093,-320,Asia,41.20438,74.766098
KG,9,2771,6,Asia,41.20438,74.766098
KG,10,12209,81,Asia,41.20438,74.766098
KG,11,13929,126,Asia,41.20438,74.766098
KG,12,4867,41,Asia,41.20438,74.766098
KH,1,1,0,Asia,12.565679,104.990963
KH,2,0,0,Asia,12.565679,104.990963
KH,3,108,0,Asia,12.565679,104.990963
KH,4,13,0,Asia,12.565679,104.990963
KH,5,3,0,Asia,12.565679,104.990963
KH,6,16,0,Asia,12.565679,104.990963
KH,7,93,0,Asia,12.565679,104.990963
KH,8,40,0,Asia,12.565679,104.990963
KH,9,3,0,Asia,12.565679,104.990963
KH,10,13,0,Asia,12.565679,104.990963
KH,11,33,0,Asia,12.565679,104.990963
KH,12,36,0,Asia,12.565679,104.990963
KN,3,7,0,North America,17.357822,-62.782998
KN,4,8,0,North America,17.357822,-62.782998
KN,5,0,0,North America,17.357822,-62.782998
KN,6,0,0,North America,17.357822,-62.782998
KN,7,2,0,North America,17.357822,-62.782998
KN,8,0,0,North America,17.357822,-62.782998
KN,9,2,0,North America,17.357822,-62.782998
KN,10,0,0,North America,17.357822,-62.782998
KN,11,3,0,North America,17.357822,-62.782998
KN,12,5,0,North America,17.357822,-62.782998
KR,1,7,0,Asia,35.90775700000001,127.766922
KR,2,2924,16,Asia,35.90775700000001,127.766922
KR,3,6855,147,Asia,35.90775700000001,127.766922
KR,4,979,84,Asia,35.90775700000001,127.766922
KR,5,703,23,Asia,35.90775700000001,127.766922
KR,6,1332,12,Asia,35.90775700000001,127.766922
KR,7,1505,19,Asia,35.90775700000001,127.766922
KR,8,5642,23,Asia,35.90775700000001,127.766922
KR,9,3865,89,Asia,35.90775700000001,127.766922
KR,10,2699,51,Asia,35.90775700000001,127.766922
KR,11,7690,62,Asia,35.90775700000001,127.766922
KR,12,9283,61,Asia,35.90775700000001,127.766922
KW,1,0,0,Asia,29.31166,47.481766
KW,2,45,0,Asia,29.31166,47.481766
KW,3,221,0,Asia,29.31166,47.481766
KW,4,3474,24,Asia,29.31166,47.481766
KW,5,22452,181,Asia,29.31166,47.481766
KW,6,19332,145,Asia,29.31166,47.481766
KW,7,21005,95,Asia,29.31166,47.481766
KW,8,18107,85,Asia,29.31166,47.481766
KW,9,19932,77,Asia,29.31166,47.481766
KW,10,20769,166,Asia,29.31166,47.481766
KW,11,17089,105,Asia,29.31166,47.481766
KW,12,3792,33,Asia,29.31166,47.481766
KY,3,12,1,North America,19.513469,-80.566956
KY,4,61,0,North America,19.513469,-80.566956
KY,5,68,0,North America,19.513469,-80.566956
KY,6,58,0,North America,19.513469,-80.566956
KY,7,4,0,North America,19.513469,-80.566956
KY,8,2,0,North America,19.513469,-80.566956
KY,9,6,0,North America,19.513469,-80.566956
KY,10,29,0,North America,19.513469,-80.566956
KY,11,34,1,North America,19.513469,-80.566956
KY,12,24,0,North America,19.513469,-80.566956
KZ,3,325,1,Asia,48.019573,66.923684
KZ,4,2880,24,Asia,48.019573,66.923684
KZ,5,7653,13,Asia,48.019573,66.923684
KZ,6,10961,150,Asia,48.019573,66.923684
KZ,7,67259,605,Asia,48.019573,66.923684
KZ,8,41595,988,Asia,48.019573,66.923684
KZ,9,10034,297,Asia,48.019573,66.923684
KZ,10,8992,148,Asia,48.019573,66.923684
KZ,11,24107,207,Asia,48.019573,66.923684
KZ,12,12471,119,Asia,48.019573,66.923684
LA,3,9,0,Asia,19.85627,102.495496
LA,4,10,0,Asia,19.85627,102.495496
LA,5,0,0,Asia,19.85627,102.495496
LA,6,0,0,Asia,19.85627,102.495496
LA,7,1,0,Asia,19.85627,102.495496
LA,8,2,0,Asia,19.85627,102.495496
LA,9,1,0,Asia,19.85627,102.495496
LA,10,1,0,Asia,19.85627,102.495496
LA,11,15,0,Asia,19.85627,102.495496
LA,12,2,0,Asia,19.85627,102.495496
LB,1,0,0,Asia,33.854721000000005,35.862285
LB,2,3,0,Asia,33.854721000000005,35.862285
LB,3,443,11,Asia,33.854721000000005,35.862285
LB,4,275,13,Asia,33.854721000000005,35.862285
LB,5,470,2,Asia,33.854721000000005,35.862285
LB,6,554,8,Asia,33.854721000000005,35.862285
LB,7,2589,23,Asia,33.854721000000005,35.862285
LB,8,12536,103,Asia,33.854721000000005,35.862285
LB,9,21507,201,Asia,33.854721000000005,35.862285
LB,10,41152,264,Asia,33.854721000000005,35.862285
LB,11,47415,379,Asia,33.854721000000005,35.862285
LB,12,19576,196,Asia,33.854721000000005,35.862285
LC,3,9,0,North America,13.909444,-60.97889300000001
LC,4,8,0,North America,13.909444,-60.97889300000001
LC,5,1,0,North America,13.909444,-60.97889300000001
LC,6,1,0,North America,13.909444,-60.97889300000001
LC,7,6,0,North America,13.909444,-60.97889300000001
LC,8,1,0,North America,13.909444,-60.97889300000001
LC,9,1,0,North America,13.909444,-60.97889300000001
LC,10,51,0,North America,13.909444,-60.97889300000001
LC,11,179,2,North America,13.909444,-60.97889300000001
LC,12,18,2,North America,13.909444,-60.97889300000001
LI,3,64,0,Europe,47.166,9.555373
LI,4,19,1,Europe,47.166,9.555373
LI,5,0,0,Europe,47.166,9.555373
LI,6,0,0,Europe,47.166,9.555373
LI,7,6,0,Europe,47.166,9.555373
LI,8,19,0,Europe,47.166,9.555373
LI,9,12,0,Europe,47.166,9.555373
LI,10,403,1,Europe,47.166,9.555373
LI,11,750,13,Europe,47.166,9.555373
LI,12,241,3,Europe,47.166,9.555373
LK,1,1,0,Asia,7.873054,80.77179699999998
LK,2,0,0,Asia,7.873054,80.77179699999998
LK,3,119,1,Asia,7.873054,80.77179699999998
LK,4,529,6,Asia,7.873054,80.77179699999998
LK,5,971,3,Asia,7.873054,80.77179699999998
LK,6,422,1,Asia,7.873054,80.77179699999998
LK,7,772,0,Asia,7.873054,80.77179699999998
LK,8,198,1,Asia,7.873054,80.77179699999998
LK,9,362,1,Asia,7.873054,80.77179699999998
LK,10,7050,6,Asia,7.873054,80.77179699999998
LK,11,13060,97,Asia,7.873054,80.77179699999998
LK,12,9306,36,Asia,7.873054,80.77179699999998
LR,3,3,0,Africa,6.4280550000000005,-9.429499
LR,4,138,16,Africa,6.4280550000000005,-9.429499
LR,5,139,11,Africa,6.4280550000000005,-9.429499
LR,6,490,9,Africa,6.4280550000000005,-9.429499
LR,7,411,37,Africa,6.4280550000000005,-9.429499
LR,8,123,9,Africa,6.4280550000000005,-9.429499
LR,9,39,0,Africa,6.4280550000000005,-9.429499
LR,10,83,0,Africa,6.4280550000000005,-9.429499
LR,11,169,1,Africa,6.4280550000000005,-9.429499
LR,12,81,0,Africa,6.4280550000000005,-9.429499
LT,1,0,0,Europe,55.169438,23.881275
LT,2,1,0,Europe,55.169438,23.881275
LT,3,483,7,Europe,55.169438,23.881275
LT,4,891,38,Europe,55.169438,23.881275
LT,5,295,25,Europe,55.169438,23.881275
LT,6,146,8,Europe,55.169438,23.881275
LT,7,246,2,Europe,55.169438,23.881275
LT,8,812,6,Europe,55.169438,23.881275
LT,9,1704,6,Europe,55.169438,23.881275
LT,10,9245,65,Europe,55.169438,23.881275
LT,11,47502,349,Europe,55.169438,23.881275
LT,12,33696,319,Europe,55.169438,23.881275
LU,1,0,0,Europe,49.815273,6.129583
LU,2,0,0,Europe,49.815273,6.129583
LU,3,1988,22,Europe,49.815273,6.129583
LU,4,1781,67,Europe,49.815273,6.129583
LU,5,247,21,Europe,49.815273,6.129583
LU,6,240,0,Europe,49.815273,6.129583
LU,7,2360,4,Europe,49.815273,6.129583
LU,8,9,10,Europe,49.815273,6.129583
LU,9,1806,0,Europe,49.815273,6.129583
LU,10,8703,28,Europe,49.815273,6.129583
LU,11,16839,154,Europe,49.815273,6.129583
LU,12,7299,90,Europe,49.815273,6.129583
LV,3,376,0,Europe,56.879635,24.603189
LV,4,473,15,Europe,56.879635,24.603189
LV,5,216,9,Europe,56.879635,24.603189
LV,6,52,6,Europe,56.879635,24.603189
LV,7,111,1,Europe,56.879635,24.603189
LV,8,165,3,Europe,56.879635,24.603189
LV,9,336,3,Europe,56.879635,24.603189
LV,10,3950,32,Europe,56.879635,24.603189
LV,11,11296,128,Europe,56.879635,24.603189
LV,12,8700,152,Europe,56.879635,24.603189
LY,3,8,0,Africa,26.3351,17.228331
LY,4,53,2,Africa,26.3351,17.228331
LY,5,69,3,Africa,26.3351,17.228331
LY,6,632,16,Africa,26.3351,17.228331
LY,7,2460,50,Africa,26.3351,17.228331
LY,8,10201,161,Africa,26.3351,17.228331
LY,9,20591,308,Africa,26.3351,17.228331
LY,10,26614,307,Africa,26.3351,17.228331
LY,11,21802,319,Africa,26.3351,17.228331
LY,12,8349,133,Africa,26.3351,17.228331
MA,3,556,33,Africa,31.791702,-7.09262
MA,4,3765,135,Africa,31.791702,-7.09262
MA,5,3459,36,Africa,31.791702,-7.09262
MA,6,4510,21,Africa,31.791702,-7.09262
MA,7,10969,121,Africa,31.791702,-7.09262
MA,8,38140,765,Africa,31.791702,-7.09262
MA,9,59784,1041,Africa,31.791702,-7.09262
MA,10,94111,1473,Africa,31.791702,-7.09262
MA,11,138509,2164,Africa,31.791702,-7.09262
MA,12,45806,835,Africa,31.791702,-7.09262
MC,1,0,0,Europe,43.750298,7.412841
MC,2,1,0,Europe,43.750298,7.412841
MC,3,35,0,Europe,43.750298,7.412841
MC,4,30,1,Europe,43.750298,7.412841
MC,5,1,0,Europe,43.750298,7.412841
MC,6,3,0,Europe,43.750298,7.412841
MC,7,14,0,Europe,43.750298,7.412841
MC,8,47,0,Europe,43.750298,7.412841
MC,9,83,0,Europe,43.750298,7.412841
MC,10,141,0,Europe,43.750298,7.412841
MC,11,253,1,Europe,43.750298,7.412841
MC,12,60,0,Europe,43.750298,7.412841
MD,3,298,2,Europe,47.411631,28.369885
MD,4,3473,109,Europe,47.411631,28.369885
MD,5,4327,180,Europe,47.411631,28.369885
MD,6,8259,245,Europe,47.411631,28.369885
MD,7,7590,235,Europe,47.411631,28.369885
MD,8,12753,221,Europe,47.411631,28.369885
MD,9,15329,318,Europe,47.411631,28.369885
MD,10,23172,456,Europe,47.411631,28.369885
MD,11,31816,524,Europe,47.411631,28.369885
MD,12,19501,282,Europe,47.411631,28.369885
ME,3,91,1,Europe,42.708678000000006,19.37439
ME,4,231,6,Europe,42.708678000000006,19.37439
ME,5,2,2,Europe,42.708678000000006,19.37439
ME,6,177,2,Europe,42.708678000000006,19.37439
ME,7,2572,37,Europe,42.708678000000006,19.37439
ME,8,1717,50,Europe,42.708678000000006,19.37439
ME,9,5785,66,Europe,42.708678000000006,19.37439
ME,10,7491,130,Europe,42.708678000000006,19.37439
ME,11,16815,193,Europe,42.708678000000006,19.37439
ME,12,6545,95,Europe,42.708678000000006,19.37439
MG,3,44,0,Africa,-18.766947,46.869107
MG,4,84,0,Africa,-18.766947,46.869107
MG,5,630,6,Africa,-18.766947,46.869107
MG,6,1380,14,Africa,-18.766947,46.869107
MG,7,8610,85,Africa,-18.766947,46.869107
MG,8,4095,86,Africa,-18.766947,46.869107
MG,9,1534,38,Africa,-18.766947,46.869107
MG,10,591,15,Africa,-18.766947,46.869107
MG,11,373,7,Africa,-18.766947,46.869107
MG,12,297,7,Africa,-18.766947,46.869107
MK,1,0,0,Europe,41.608635,21.745275
MK,2,1,0,Europe,41.608635,21.745275
MK,3,284,7,Europe,41.608635,21.745275
MK,4,1157,66,Europe,41.608635,21.745275
MK,5,722,58,Europe,41.608635,21.745275
MK,6,4060,167,Europe,41.608635,21.745275
MK,7,4399,182,Europe,41.608635,21.745275
MK,8,3304,104,Europe,41.608635,21.745275
MK,9,3859,153,Europe,41.608635,21.745275
MK,10,12662,245,Europe,41.608635,21.745275
MK,11,31095,749,Europe,41.608635,21.745275
MK,12,12095,390,Europe,41.608635,21.745275
ML,3,18,0,Africa,17.570692,-3.996166000000001
ML,4,464,25,Africa,17.570692,-3.996166000000001
ML,5,768,51,Africa,17.570692,-3.996166000000001
ML,6,923,39,Africa,17.570692,-3.996166000000001
ML,7,349,9,Africa,17.570692,-3.996166000000001
ML,8,251,2,Africa,17.570692,-3.996166000000001
ML,9,317,4,Africa,17.570692,-3.996166000000001
ML,10,455,6,Africa,17.570692,-3.996166000000001
ML,11,1114,13,Africa,17.570692,-3.996166000000001
ML,12,1155,45,Africa,17.570692,-3.996166000000001
MM,3,14,0,Asia,21.913965,95.956223
MM,4,136,6,Asia,21.913965,95.956223
MM,5,74,0,Asia,21.913965,95.956223
MM,6,75,0,Asia,21.913965,95.956223
MM,7,54,0,Asia,21.913965,95.956223
MM,8,434,0,Asia,21.913965,95.956223
MM,9,11638,278,Asia,21.913965,95.956223
MM,10,39071,935,Asia,21.913965,95.956223
MM,11,37990,699,Asia,21.913965,95.956223
MM,12,18856,350,Asia,21.913965,95.956223
MN,3,12,0,Asia,46.862496,103.846656
MN,4,26,0,Asia,46.862496,103.846656
MN,5,141,0,Asia,46.862496,103.846656
MN,6,41,0,Asia,46.862496,103.846656
MN,7,71,0,Asia,46.862496,103.846656
MN,8,10,0,Asia,46.862496,103.846656
MN,9,12,0,Asia,46.862496,103.846656
MN,10,33,0,Asia,46.862496,103.846656
MN,11,445,0,Asia,46.862496,103.846656
MN,12,121,0,Asia,46.862496,103.846656
MR,3,5,0,Africa,21.00789,-10.940835
MR,4,2,1,Africa,21.00789,-10.940835
MR,5,476,20,Africa,21.00789,-10.940835
MR,6,3666,105,Africa,21.00789,-10.940835
MR,7,2121,30,Africa,21.00789,-10.940835
MR,8,752,3,Africa,21.00789,-10.940835
MR,9,452,2,Africa,21.00789,-10.940835
MR,10,203,2,Africa,21.00789,-10.940835
MR,11,872,12,Africa,21.00789,-10.940835
MR,12,2231,47,Africa,21.00789,-10.940835
MS,3,5,0,North America,16.742498,-62.187366
MS,4,6,1,North America,16.742498,-62.187366
MS,5,0,0,North America,16.742498,-62.187366
MS,6,0,0,North America,16.742498,-62.187366
MS,7,2,0,North America,16.742498,-62.187366
MS,8,0,0,North America,16.742498,-62.187366
MS,9,0,0,North America,16.742498,-62.187366
MS,10,0,0,North America,16.742498,-62.187366
MS,11,0,0,North America,16.742498,-62.187366
MS,12,0,0,North America,16.742498,-62.187366
MT,3,169,0,Europe,35.937496,14.375416
MT,4,295,4,Europe,35.937496,14.375416
MT,5,153,5,Europe,35.937496,14.375416
MT,6,52,0,Europe,35.937496,14.375416
MT,7,67,0,Europe,35.937496,14.375416
MT,8,1149,3,Europe,35.937496,14.375416
MT,9,1164,22,Europe,35.937496,14.375416
MT,10,2983,25,Europe,35.937496,14.375416
MT,11,3720,74,Europe,35.937496,14.375416
MT,12,1349,33,Europe,35.937496,14.375416
MU,3,128,3,Africa,-20.348404,57.552152
MU,4,204,7,Africa,-20.348404,57.552152
MU,5,3,0,Africa,-20.348404,57.552152
MU,6,6,0,Africa,-20.348404,57.552152
MU,7,3,0,Africa,-20.348404,57.552152
MU,8,2,0,Africa,-20.348404,57.552152
MU,9,35,0,Africa,-20.348404,57.552152
MU,10,60,0,Africa,-20.348404,57.552152
MU,11,60,0,Africa,-20.348404,57.552152
MU,12,14,0,Africa,-20.348404,57.552152
MV,3,17,0,Asia,3.202778,73.22068
MV,4,260,0,Asia,3.202778,73.22068
MV,5,1395,5,Asia,3.202778,73.22068
MV,6,664,3,Asia,3.202778,73.22068
MV,7,1383,8,Asia,3.202778,73.22068
MV,8,3948,12,Asia,3.202778,73.22068
MV,9,2527,6,Asia,3.202778,73.22068
MV,10,1449,3,Asia,3.202778,73.22068
MV,11,1351,9,Asia,3.202778,73.22068
MV,12,374,2,Asia,3.202778,73.22068
MX,1,2,0,North America,23.634501,-102.552784
MX,2,12,0,North America,23.634501,-102.552784
MX,3,2432,28,North America,23.634501,-102.552784
MX,4,25776,1704,North America,23.634501,-102.552784
MX,5,87607,8047,North America,23.634501,-102.552784
MX,6,149681,17342,North America,23.634501,-102.552784
MX,7,209885,18879,North America,23.634501,-102.552784
MX,8,166047,18158,North America,23.634501,-102.552784
MX,9,142632,13005,North America,23.634501,-102.552784
MX,10,134737,14126,North America,23.634501,-102.552784
MX,11,188260,14366,North America,23.634501,-102.552784
MX,12,142973,8298,North America,23.634501,-102.552784
MY,1,8,0,Asia,4.210483999999999,101.975766
MY,2,17,0,Asia,4.210483999999999,101.975766
MY,3,2601,37,Asia,4.210483999999999,101.975766
MY,4,3319,63,Asia,4.210483999999999,101.975766
MY,5,1817,15,Asia,4.210483999999999,101.975766
MY,6,875,6,Asia,4.210483999999999,101.975766
MY,7,327,3,Asia,4.210483999999999,101.975766
MY,8,370,2,Asia,4.210483999999999,101.975766
MY,9,1801,8,Asia,4.210483999999999,101.975766
MY,10,19764,115,Asia,4.210483999999999,101.975766
MY,11,33586,108,Asia,4.210483999999999,101.975766
MY,12,18990,58,Asia,4.210483999999999,101.975766
MZ,3,8,0,Africa,-18.665695,35.529562
MZ,4,68,0,Africa,-18.665695,35.529562
MZ,5,168,2,Africa,-18.665695,35.529562
MZ,6,639,4,Africa,-18.665695,35.529562
MZ,7,925,5,Africa,-18.665695,35.529562
MZ,8,2013,12,Africa,-18.665695,35.529562
MZ,9,4735,36,Africa,-18.665695,35.529562
MZ,10,4221,32,Africa,-18.665695,35.529562
MZ,11,2836,39,Africa,-18.665695,35.529562
MZ,12,1341,12,Africa,-18.665695,35.529562
NC,3,16,0,Oceania,-20.904305,165.618042
NC,4,2,0,Oceania,-20.904305,165.618042
NC,5,1,0,Oceania,-20.904305,165.618042
NC,6,2,0,Oceania,-20.904305,165.618042
NC,7,1,0,Oceania,-20.904305,165.618042
NC,8,1,0,Oceania,-20.904305,165.618042
NC,9,4,0,Oceania,-20.904305,165.618042
NC,10,1,0,Oceania,-20.904305,165.618042
NC,11,4,0,Oceania,-20.904305,165.618042
NC,12,4,0,Oceania,-20.904305,165.618042
NE,3,20,3,Africa,17.607789,8.081666
NE,4,693,29,Africa,17.607789,8.081666
NE,5,243,32,Africa,17.607789,8.081666
NE,6,119,3,Africa,17.607789,8.081666
NE,7,59,2,Africa,17.607789,8.081666
NE,8,42,0,Africa,17.607789,8.081666
NE,9,20,0,Africa,17.607789,8.081666
NE,10,24,0,Africa,17.607789,8.081666
NE,11,296,1,Africa,17.607789,8.081666
NE,12,742,10,Africa,17.607789,8.081666
NG,1,0,0,Africa,9.081999,8.675277000000001
NG,2,1,0,Africa,9.081999,8.675277000000001
NG,3,130,2,Africa,9.081999,8.675277000000001
NG,4,1597,49,Africa,9.081999,8.675277000000001
NG,5,8127,222,Africa,9.081999,8.675277000000001
NG,6,15278,300,Africa,9.081999,8.675277000000001
NG,7,17556,305,Africa,9.081999,8.675277000000001
NG,8,11176,135,Africa,9.081999,8.675277000000001
NG,9,4782,98,Africa,9.081999,8.675277000000001
NG,10,4044,33,Africa,9.081999,8.675277000000001
NG,11,4721,29,Africa,9.081999,8.675277000000001
NG,12,5763,24,Africa,9.081999,8.675277000000001
NI,3,4,1,North America,12.865416,-85.207229
NI,4,10,3,North America,12.865416,-85.207229
NI,5,745,31,North America,12.865416,-85.207229
NI,6,1411,39,North America,12.865416,-85.207229
NI,7,1502,42,North America,12.865416,-85.207229
NI,8,822,21,North America,12.865416,-85.207229
NI,9,676,14,North America,12.865416,-85.207229
NI,10,344,5,North America,12.865416,-85.207229
NI,11,270,4,North America,12.865416,-85.207229
NI,12,103,2,North America,12.865416,-85.207229
NL,1,0,0,Europe,52.132633,5.291266
NL,2,2,0,Europe,52.132633,5.291266
NL,3,11748,864,Europe,52.132633,5.291266
NL,4,27052,3847,Europe,52.132633,5.291266
NL,5,7455,1240,Europe,52.132633,5.291266
NL,6,3966,156,Europe,52.132633,5.291266
NL,7,3740,33,Europe,52.132633,5.291266
NL,8,16108,75,Europe,52.132633,5.291266
NL,9,47349,169,Europe,52.132633,5.291266
NL,10,223554,951,Europe,52.132633,5.291266
NL,11,177299,2001,Europe,52.132633,5.291266
NL,12,94473,698,Europe,52.132633,5.291266
NO,1,0,0,Europe,60.472024,8.468946
NO,2,6,0,Europe,60.472024,8.468946
NO,3,4220,26,Europe,60.472024,8.468946
NO,4,3441,176,Europe,60.472024,8.468946
NO,5,744,34,Europe,60.472024,8.468946
NO,6,444,13,Europe,60.472024,8.468946
NO,7,317,6,Europe,60.472024,8.468946
NO,8,1371,9,Europe,60.472024,8.468946
NO,9,3245,10,Europe,60.472024,8.468946
NO,10,5775,8,Europe,60.472024,8.468946
NO,11,15184,46,Europe,60.472024,8.468946
NO,12,5275,59,Europe,60.472024,8.468946
NP,1,1,0,Asia,28.394857,84.12400799999998
NP,2,0,0,Asia,28.394857,84.12400799999998
NP,3,4,0,Asia,28.394857,84.12400799999998
NP,4,52,0,Asia,28.394857,84.12400799999998
NP,5,1344,6,Asia,28.394857,84.12400799999998
NP,6,11847,23,Asia,28.394857,84.12400799999998
NP,7,6299,23,Asia,28.394857,84.12400799999998
NP,8,19014,169,Asia,28.394857,84.12400799999998
NP,9,37697,270,Asia,28.394857,84.12400799999998
NP,10,91977,429,Asia,28.394857,84.12400799999998
NP,11,63743,559,Asia,28.394857,84.12400799999998
NP,12,16445,219,Asia,28.394857,84.12400799999998
NZ,1,0,0,Oceania,-40.900557,174.88597099999996
NZ,2,1,0,Oceania,-40.900557,174.88597099999996
NZ,3,646,1,Oceania,-40.900557,174.88597099999996
NZ,4,482,18,Oceania,-40.900557,174.88597099999996
NZ,5,25,3,Oceania,-40.900557,174.88597099999996
NZ,6,24,0,Oceania,-40.900557,174.88597099999996
NZ,7,32,0,Oceania,-40.900557,174.88597099999996
NZ,8,177,0,Oceania,-40.900557,174.88597099999996
NZ,9,93,3,Oceania,-40.900557,174.88597099999996
NZ,10,121,0,Oceania,-40.900557,174.88597099999996
NZ,11,99,0,Oceania,-40.900557,174.88597099999996
NZ,12,40,0,Oceania,-40.900557,174.88597099999996
OM,1,0,0,Asia,21.512583,55.92325500000001
OM,2,6,0,Asia,21.512583,55.92325500000001
OM,3,173,0,Asia,21.512583,55.92325500000001
OM,4,2095,10,Asia,21.512583,55.92325500000001
OM,5,8149,32,Asia,21.512583,55.92325500000001
OM,6,28637,127,Asia,21.512583,55.92325500000001
OM,7,40099,252,Asia,21.512583,55.92325500000001
OM,8,6385,256,Asia,21.512583,55.92325500000001
OM,9,13041,258,Asia,21.512583,55.92325500000001
OM,10,15849,273,Asia,21.512583,55.92325500000001
OM,11,9050,210,Asia,21.512583,55.92325500000001
OM,12,2756,53,Asia,21.512583,55.92325500000001
PA,3,1075,26,North America,8.537981,-80.782127
PA,4,5303,152,North America,8.537981,-80.782127
PA,5,6640,152,North America,8.537981,-80.782127
PA,6,19767,290,North America,8.537981,-80.782127
PA,7,31406,777,North America,8.537981,-80.782127
PA,8,27874,598,North America,8.537981,-80.782127
PA,9,19788,369,North America,8.537981,-80.782127
PA,10,21014,324,North America,8.537981,-80.782127
PA,11,31862,372,North America,8.537981,-80.782127
PA,12,28278,296,North America,8.537981,-80.782127
PE,3,950,24,South America,-9.189967,-75.015152
PE,4,32981,919,South America,-9.189967,-75.015152
PE,5,121740,3428,South America,-9.189967,-75.015152
PE,6,126694,5133,South America,-9.189967,-75.015152
PE,7,125127,9517,South America,-9.189967,-75.015152
PE,8,239674,9767,South America,-9.189967,-75.015152
PE,9,164602,3608,South America,-9.189967,-75.015152
PE,10,88412,2015,South America,-9.189967,-75.015152
PE,11,62350,1512,South America,-9.189967,-75.015152
PE,12,22443,754,South America,-9.189967,-75.015152
PF,3,36,0,Oceania,-17.679742,-149.40684299999995
PF,4,22,0,Oceania,-17.679742,-149.40684299999995
PF,5,2,0,Oceania,-17.679742,-149.40684299999995
PF,6,2,0,Oceania,-17.679742,-149.40684299999995
PF,7,0,0,Oceania,-17.679742,-149.40684299999995
PF,8,358,0,Oceania,-17.679742,-149.40684299999995
PF,9,1246,7,Oceania,-17.679742,-149.40684299999995
PF,10,5596,22,Oceania,-17.679742,-149.40684299999995
PF,11,6834,44,Oceania,-17.679742,-149.40684299999995
PF,12,1522,18,Oceania,-17.679742,-149.40684299999995
PG,3,1,0,Oceania,-6.314993,143.95555
PG,4,7,0,Oceania,-6.314993,143.95555
PG,5,0,0,Oceania,-6.314993,143.95555
PG,6,3,0,Oceania,-6.314993,143.95555
PG,7,61,2,Oceania,-6.314993,143.95555
PG,8,387,3,Oceania,-6.314993,143.95555
PG,9,75,2,Oceania,-6.314993,143.95555
PG,10,55,0,Oceania,-6.314993,143.95555
PG,11,66,0,Oceania,-6.314993,143.95555
PG,12,70,1,Oceania,-6.314993,143.95555
PH,1,1,0,Asia,12.879721,121.774017
PH,2,2,1,Asia,12.879721,121.774017
PH,3,2081,87,Asia,12.879721,121.774017
PH,4,6128,470,Asia,12.879721,121.774017
PH,5,9012,392,Asia,12.879721,121.774017
PH,6,19214,305,Asia,12.879721,121.774017
PH,7,52936,728,Asia,12.879721,121.774017
PH,8,128022,1537,Asia,12.879721,121.774017
PH,9,91907,1928,Asia,12.879721,121.774017
PH,10,69630,1737,Asia,12.879721,121.774017
PH,11,50931,1188,Asia,12.879721,121.774017
PH,12,19536,360,Asia,12.879721,121.774017
PK,1,0,0,Asia,30.375321000000003,69.345116
PK,2,2,0,Asia,30.375321000000003,69.345116
PK,3,1623,18,Asia,30.375321000000003,69.345116
PK,4,14134,328,Asia,30.375321000000003,69.345116
PK,5,53737,1137,Asia,30.375321000000003,69.345116
PK,6,139841,2821,Asia,30.375321000000003,69.345116
PK,7,68968,1647,Asia,30.375321000000003,69.345116
PK,8,17544,343,Asia,30.375321000000003,69.345116
PK,9,16414,185,Asia,30.375321000000003,69.345116
PK,10,20730,327,Asia,30.375321000000003,69.345116
PK,11,65031,1219,Asia,30.375321000000003,69.345116
PK,12,42763,807,Asia,30.375321000000003,69.345116
PL,3,2055,31,Europe,51.919438,19.145136
PL,4,10585,593,Europe,51.919438,19.145136
PL,5,10931,437,Europe,51.919438,19.145136
PL,6,10583,383,Europe,51.919438,19.145136
PL,7,10877,265,Europe,51.919438,19.145136
PL,8,21839,324,Europe,51.919438,19.145136
PL,9,23092,450,Europe,51.919438,19.145136
PL,10,250872,2868,Europe,51.919438,19.145136
PL,11,644241,11678,Europe,51.919438,19.145136
PL,12,150601,5835,Europe,51.919438,19.145136
PS,3,115,1,Asia,31.952162,35.233154
PS,4,392,1,Asia,31.952162,35.233154
PS,5,119,3,Asia,31.952162,35.233154
PS,6,1817,3,Asia,31.952162,35.233154
PS,7,12395,76,Asia,31.952162,35.233154
PS,8,14225,82,Asia,31.952162,35.233154
PS,9,21052,194,Asia,31.952162,35.233154
PS,10,14627,192,Asia,31.952162,35.233154
PS,11,32046,255,Asia,31.952162,35.233154
PS,12,27869,272,Asia,31.952162,35.233154
PT,3,6408,140,Europe,39.399872,-8.224454
PT,4,18284,849,Europe,39.399872,-8.224454
PT,5,7511,407,Europe,39.399872,-8.224454
PT,6,9709,172,Europe,39.399872,-8.224454
PT,7,8956,159,Europe,39.399872,-8.224454
PT,8,6900,92,Europe,39.399872,-8.224454
PT,9,16949,144,Europe,39.399872,-8.224454
PT,10,62555,505,Europe,39.399872,-8.224454
PT,11,157527,1959,Europe,39.399872,-8.224454
PT,12,53945,1132,Europe,39.399872,-8.224454
PY,3,65,3,South America,-23.442503,-58.44383199999999
PY,4,184,6,South America,-23.442503,-58.44383199999999
PY,5,715,2,South America,-23.442503,-58.44383199999999
PY,6,1227,5,South America,-23.442503,-58.44383199999999
PY,7,3016,31,South America,-23.442503,-58.44383199999999
PY,8,11988,261,South America,-23.442503,-58.44383199999999
PY,9,22906,533,South America,-23.442503,-58.44383199999999
PY,10,22495,546,South America,-23.442503,-58.44383199999999
PY,11,19310,356,South America,-23.442503,-58.44383199999999
PY,12,11676,210,South America,-23.442503,-58.44383199999999
QA,1,0,0,Asia,25.354826,51.183884
QA,2,0,0,Asia,25.354826,51.183884
QA,3,693,1,Asia,25.354826,51.183884
QA,4,11871,9,Asia,25.354826,51.183884
QA,5,42698,26,Asia,25.354826,51.183884
QA,6,39844,77,Asia,25.354826,51.183884
QA,7,15354,58,Asia,25.354826,51.183884
QA,8,8115,26,Asia,25.354826,51.183884
QA,9,6958,17,Asia,25.354826,51.183884
QA,10,6810,18,Asia,25.354826,51.183884
QA,11,6305,5,Asia,25.354826,51.183884
QA,12,2313,3,Asia,25.354826,51.183884
RO,1,0,0,Europe,45.943161,24.96676
RO,2,3,0,Europe,45.943161,24.96676
RO,3,1949,44,Europe,45.943161,24.96676
RO,4,10026,631,Europe,45.943161,24.96676
RO,5,7155,578,Europe,45.943161,24.96676
RO,6,7449,381,Europe,45.943161,24.96676
RO,7,23009,670,Europe,45.943161,24.96676
RO,8,37194,1274,Europe,45.943161,24.96676
RO,9,38629,1214,Europe,45.943161,24.96676
RO,10,110172,2075,Europe,45.943161,24.96676
RO,11,235950,4326,Europe,45.943161,24.96676
RO,12,84799,2192,Europe,45.943161,24.96676
RS,3,785,16,Europe,44.016521,21.005859
RS,4,7939,157,Europe,44.016521,21.005859
RS,5,2657,69,Europe,44.016521,21.005859
RS,6,2907,32,Europe,44.016521,21.005859
RS,7,10925,291,Europe,44.016521,21.005859
RS,8,6152,146,Europe,44.016521,21.005859
RS,9,2114,38,Europe,44.016521,21.005859
RS,10,11658,65,Europe,44.016521,21.005859
RS,11,124077,735,Europe,44.016521,21.005859
RS,12,97218,782,Europe,44.016521,21.005859
RU,1,0,0,Europe,61.52401,105.318756
RU,2,2,0,Europe,61.52401,105.318756
RU,3,1834,10,Europe,61.52401,105.318756
RU,4,97563,962,Europe,61.52401,105.318756
RU,5,297176,3583,Europe,61.52401,105.318756
RU,6,244581,4611,Europe,61.52401,105.318756
RU,7,193343,4636,Europe,61.52401,105.318756
RU,8,155827,3291,Europe,61.52401,105.318756
RU,9,177479,3452,Europe,61.52401,105.318756
RU,10,432171,7111,Europe,61.52401,105.318756
RU,11,669340,11871,Europe,61.52401,105.318756
RU,12,384612,7414,Europe,61.52401,105.318756
RW,3,70,0,Africa,-1.940278,29.873888
RW,4,155,0,Africa,-1.940278,29.873888
RW,5,134,1,Africa,-1.940278,29.873888
RW,6,642,1,Africa,-1.940278,29.873888
RW,7,993,3,Africa,-1.940278,29.873888
RW,8,2026,11,Africa,-1.940278,29.873888
RW,9,816,13,Africa,-1.940278,29.873888
RW,10,298,6,Africa,-1.940278,29.873888
RW,11,785,13,Africa,-1.940278,29.873888
RW,12,740,8,Africa,-1.940278,29.873888
SA,3,1453,8,Asia,23.885942,45.079162
SA,4,19949,149,Asia,23.885942,45.079162
SA,5,61982,323,Asia,23.885942,45.079162
SA,6,103052,1119,Asia,23.885942,45.079162
SA,7,87783,1267,Asia,23.885942,45.079162
SA,8,40602,1004,Asia,23.885942,45.079162
SA,9,19366,869,Asia,23.885942,45.079162
SA,10,12693,644,Asia,23.885942,45.079162
SA,11,10248,501,Asia,23.885942,45.079162
SA,12,2760,164,Asia,23.885942,45.079162
SC,3,10,0,Africa,-4.679574,55.491977
SC,4,1,0,Africa,-4.679574,55.491977
SC,5,0,0,Africa,-4.679574,55.491977
SC,6,0,0,Africa,-4.679574,55.491977
SC,7,103,0,Africa,-4.679574,55.491977
SC,8,22,0,Africa,-4.679574,55.491977
SC,9,7,0,Africa,-4.679574,55.491977
SC,10,10,0,Africa,-4.679574,55.491977
SC,11,20,0,Africa,-4.679574,55.491977
SC,12,14,0,Africa,-4.679574,55.491977
SD,3,6,2,Africa,12.862807,30.217636
SD,4,369,26,Africa,12.862807,30.217636
SD,5,4425,234,Africa,12.862807,30.217636
SD,6,4458,310,Africa,12.862807,30.217636
SD,7,2238,153,Africa,12.862807,30.217636
SD,8,1693,98,Africa,12.862807,30.217636
SD,9,417,13,Africa,12.862807,30.217636
SD,10,159,1,Africa,12.862807,30.217636
SD,11,3862,404,Africa,12.862807,30.217636
SD,12,3759,106,Africa,12.862807,30.217636
SE,1,0,0,Europe,60.128161,18.643501
SE,2,11,0,Europe,60.128161,18.643501
SE,3,4349,303,Europe,60.128161,18.643501
SE,4,16608,2514,Europe,60.128161,18.643501
SE,5,17423,1783,Europe,60.128161,18.643501
SE,6,28668,880,Europe,60.128161,18.643501
SE,7,9622,265,Europe,60.128161,18.643501
SE,8,7552,70,Europe,60.128161,18.643501
SE,9,8913,51,Europe,60.128161,18.643501
SE,10,35895,142,Europe,60.128161,18.643501
SE,11,128521,1132,Europe,60.128161,18.643501
SE,12,62536,374,Europe,60.128161,18.643501
SG,1,13,0,Asia,1.352083,103.819836
SG,2,85,0,Asia,1.352083,103.819836
SG,3,746,3,Asia,1.352083,103.819836
SG,4,14797,11,Asia,1.352083,103.819836
SG,5,18725,9,Asia,1.352083,103.819836
SG,6,9295,3,Asia,1.352083,103.819836
SG,7,8148,1,Asia,1.352083,103.819836
SG,8,4962,0,Asia,1.352083,103.819836
SG,9,971,0,Asia,1.352083,103.819836
SG,10,261,1,Asia,1.352083,103.819836
SG,11,210,1,Asia,1.352083,103.819836
SG,12,107,0,Asia,1.352083,103.819836
SI,3,763,11,Europe,46.151241,14.995463
SI,4,655,78,Europe,46.151241,14.995463
SI,5,55,19,Europe,46.151241,14.995463
SI,6,112,3,Europe,46.151241,14.995463
SI,7,554,6,Europe,46.151241,14.995463
SI,8,726,11,Europe,46.151241,14.995463
SI,9,2622,10,Europe,46.151241,14.995463
SI,10,27023,87,Europe,46.151241,14.995463
SI,11,42871,702,Europe,46.151241,14.995463
SI,12,20933,532,Europe,46.151241,14.995463
SK,3,336,0,Europe,48.669026,19.699024
SK,4,1055,22,Europe,48.669026,19.699024
SK,5,130,6,Europe,48.669026,19.699024
SK,6,144,0,Europe,48.669026,19.699024
SK,7,600,0,Europe,48.669026,19.699024
SK,8,1611,5,Europe,48.669026,19.699024
SK,9,5698,12,Europe,48.669026,19.699024
SK,10,45517,167,Europe,48.669026,19.699024
SK,11,50642,604,Europe,48.669026,19.699024
SK,12,27251,359,Europe,48.669026,19.699024
SM,1,0,0,Europe,43.94236,12.457777
SM,2,1,0,Europe,43.94236,12.457777
SM,3,228,25,Europe,43.94236,12.457777
SM,4,334,16,Europe,43.94236,12.457777
SM,5,108,1,Europe,43.94236,12.457777
SM,6,27,0,Europe,43.94236,12.457777
SM,7,1,0,Europe,43.94236,12.457777
SM,8,11,0,Europe,43.94236,12.457777
SM,9,17,0,Europe,43.94236,12.457777
SM,10,201,0,Europe,43.94236,12.457777
SM,11,658,3,Europe,43.94236,12.457777
SM,12,361,6,Europe,43.94236,12.457777
SN,3,162,0,Africa,14.497401000000002,-14.452362
SN,4,720,9,Africa,14.497401000000002,-14.452362
SN,5,2653,33,Africa,14.497401000000002,-14.452362
SN,6,3163,66,Africa,14.497401000000002,-14.452362
SN,7,3408,96,Africa,14.497401000000002,-14.452362
SN,8,3450,80,Africa,14.497401000000002,-14.452362
SN,9,1389,26,Africa,14.497401000000002,-14.452362
SN,10,660,13,Africa,14.497401000000002,-14.452362
SN,11,470,10,Africa,14.497401000000002,-14.452362
SN,12,1000,16,Africa,14.497401000000002,-14.452362
SO,3,3,0,Africa,5.152149,46.199616
SO,4,579,28,Africa,5.152149,46.199616
SO,5,1334,45,Africa,5.152149,46.199616
SO,6,988,17,Africa,5.152149,46.199616
SO,7,308,3,Africa,5.152149,46.199616
SO,8,98,4,Africa,5.152149,46.199616
SO,9,278,2,Africa,5.152149,46.199616
SO,10,353,5,Africa,5.152149,46.199616
SO,11,504,9,Africa,5.152149,46.199616
SO,12,134,8,Africa,5.152149,46.199616
SR,3,8,0,South America,3.919305000000001,-56.02778299999999
SR,4,2,1,South America,3.919305000000001,-56.02778299999999
SR,5,4,0,South America,3.919305000000001,-56.02778299999999
SR,6,487,12,South America,3.919305000000001,-56.02778299999999
SR,7,1149,13,South America,3.919305000000001,-56.02778299999999
SR,8,2359,41,South America,3.919305000000001,-56.02778299999999
SR,9,854,37,South America,3.919305000000001,-56.02778299999999
SR,10,338,7,South America,3.919305000000001,-56.02778299999999
SR,11,111,6,South America,3.919305000000001,-56.02778299999999
SR,12,41,0,South America,3.919305000000001,-56.02778299999999
SV,3,32,0,North America,13.794185,-88.89653
SV,4,345,9,North America,13.794185,-88.89653
SV,5,2140,37,North America,13.794185,-88.89653
SV,6,3656,118,North America,13.794185,-88.89653
SV,7,10057,275,North America,13.794185,-88.89653
SV,8,9499,278,North America,13.794185,-88.89653
SV,9,3252,126,North America,13.794185,-88.89653
SV,10,4464,132,North America,13.794185,-88.89653
SV,11,4960,139,North America,13.794185,-88.89653
SV,12,3475,91,North America,13.794185,-88.89653
SY,3,10,2,Asia,34.802075,38.99681500000001
SY,4,33,1,Asia,34.802075,38.99681500000001
SY,5,79,1,Asia,34.802075,38.99681500000001
SY,6,147,5,Asia,34.802075,38.99681500000001
SY,7,469,32,Asia,34.802075,38.99681500000001
SY,8,1965,68,Asia,34.802075,38.99681500000001
SY,9,1445,88,Asia,34.802075,38.99681500000001
SY,10,1535,88,Asia,34.802075,38.99681500000001
SY,11,2114,128,Asia,34.802075,38.99681500000001
SY,12,1369,105,Asia,34.802075,38.99681500000001
SZ,3,9,0,Africa,-26.522503000000004,31.465866
SZ,4,82,1,Africa,-26.522503000000004,31.465866
SZ,5,192,1,Africa,-26.522503000000004,31.465866
SZ,6,512,9,Africa,-26.522503000000004,31.465866
SZ,7,1782,29,Africa,-26.522503000000004,31.465866
SZ,8,1984,51,Africa,-26.522503000000004,31.465866
SZ,9,901,17,Africa,-26.522503000000004,31.465866
SZ,10,447,9,Africa,-26.522503000000004,31.465866
SZ,11,501,4,Africa,-26.522503000000004,31.465866
SZ,12,358,6,Africa,-26.522503000000004,31.465866
TC,3,5,0,North America,21.694025,-71.797928
TC,4,7,1,North America,21.694025,-71.797928
TC,5,0,0,North America,21.694025,-71.797928
TC,6,29,0,North America,21.694025,-71.797928
TC,7,63,1,North America,21.694025,-71.797928
TC,8,403,1,North America,21.694025,-71.797928
TC,9,179,3,North America,21.694025,-71.797928
TC,10,17,0,North America,21.694025,-71.797928
TC,11,45,0,North America,21.694025,-71.797928
TC,12,21,0,North America,21.694025,-71.797928
TD,3,7,0,Africa,15.454166,18.732207
TD,4,45,2,Africa,15.454166,18.732207
TD,5,707,63,Africa,15.454166,18.732207
TD,6,107,9,Africa,15.454166,18.732207
TD,7,69,1,Africa,15.454166,18.732207
TD,8,77,2,Africa,15.454166,18.732207
TD,9,181,8,Africa,15.454166,18.732207
TD,10,290,13,Africa,15.454166,18.732207
TD,11,199,3,Africa,15.454166,18.732207
TD,12,88,1,Africa,15.454166,18.732207
TG,3,34,1,Africa,8.619543,0.824782
TG,4,75,6,Africa,8.619543,0.824782
TG,5,324,6,Africa,8.619543,0.824782
TG,6,210,1,Africa,8.619543,0.824782
TG,7,284,4,Africa,8.619543,0.824782
TG,8,469,9,Africa,8.619543,0.824782
TG,9,363,21,Africa,8.619543,0.824782
TG,10,553,7,Africa,8.619543,0.824782
TG,11,650,9,Africa,8.619543,0.824782
TG,12,289,2,Africa,8.619543,0.824782
TH,1,14,0,Asia,15.870032,100.992541
TH,2,28,0,Asia,15.870032,100.992541
TH,3,1609,10,Asia,15.870032,100.992541
TH,4,1303,44,Asia,15.870032,100.992541
TH,5,127,3,Asia,15.870032,100.992541
TH,6,90,1,Asia,15.870032,100.992541
TH,7,139,0,Asia,15.870032,100.992541
TH,8,102,0,Asia,15.870032,100.992541
TH,9,152,1,Asia,15.870032,100.992541
TH,10,216,0,Asia,15.870032,100.992541
TH,11,197,1,Asia,15.870032,100.992541
TH,12,260,0,Asia,15.870032,100.992541
TL,3,1,0,Asia,-8.874217,125.727539
TL,4,23,0,Asia,-8.874217,125.727539
TL,5,0,0,Asia,-8.874217,125.727539
TL,6,0,0,Asia,-8.874217,125.727539
TL,7,0,0,Asia,-8.874217,125.727539
TL,8,3,0,Asia,-8.874217,125.727539
TL,9,1,0,Asia,-8.874217,125.727539
TL,10,2,0,Asia,-8.874217,125.727539
TL,11,0,0,Asia,-8.874217,125.727539
TL,12,1,0,Asia,-8.874217,125.727539
TN,3,312,8,Africa,33.886917,9.537499
TN,4,668,32,Africa,33.886917,9.537499
TN,5,96,8,Africa,33.886917,9.537499
TN,6,96,2,Africa,33.886917,9.537499
TN,7,342,0,Africa,33.886917,9.537499
TN,8,2171,26,Africa,33.886917,9.537499
TN,9,13720,170,Africa,33.886917,9.537499
TN,10,42408,1071,Africa,33.886917,9.537499
TN,11,36438,1902,Africa,33.886917,9.537499
TN,12,15110,675,Africa,33.886917,9.537499
TR,3,10827,168,Asia,38.963745,35.243322
TR,4,106762,2913,Asia,38.963745,35.243322
TR,5,45514,1434,Asia,38.963745,35.243322
TR,6,35510,600,Asia,38.963745,35.243322
TR,7,31278,559,Asia,38.963745,35.243322
TR,8,38655,652,Asia,38.963745,35.243322
TR,9,48726,1804,Asia,38.963745,35.243322
TR,10,55882,2047,Asia,38.963745,35.243322
TR,11,212937,3381,Asia,38.963745,35.243322
TR,12,409380,2641,Asia,38.963745,35.243322
TT,3,85,3,North America,10.691803,-61.222503
TT,4,31,5,North America,10.691803,-61.222503
TT,5,1,0,North America,10.691803,-61.222503
TT,6,9,0,North America,10.691803,-61.222503
TT,7,38,0,North America,10.691803,-61.222503
TT,8,1519,13,North America,10.691803,-61.222503
TT,9,2780,53,North America,10.691803,-61.222503
TT,10,1205,33,North America,10.691803,-61.222503
TT,11,992,13,North America,10.691803,-61.222503
TT,12,219,2,North America,10.691803,-61.222503
TW,1,9,0,Asia,23.69781,120.960515
TW,2,30,1,Asia,23.69781,120.960515
TW,3,267,4,Asia,23.69781,120.960515
TW,4,123,1,Asia,23.69781,120.960515
TW,5,13,1,Asia,23.69781,120.960515
TW,6,5,0,Asia,23.69781,120.960515
TW,7,20,0,Asia,23.69781,120.960515
TW,8,21,0,Asia,23.69781,120.960515
TW,9,26,0,Asia,23.69781,120.960515
TW,10,41,0,Asia,23.69781,120.960515
TW,11,120,0,Asia,23.69781,120.960515
TW,12,65,0,Asia,23.69781,120.960515
TZ,3,19,1,Africa,-6.369028,34.888822
TZ,4,461,15,Africa,-6.369028,34.888822
TZ,5,29,5,Africa,-6.369028,34.888822
TZ,6,0,0,Africa,-6.369028,34.888822
TZ,7,0,0,Africa,-6.369028,34.888822
TZ,8,0,0,Africa,-6.369028,34.888822
TZ,9,0,0,Africa,-6.369028,34.888822
TZ,10,0,0,Africa,-6.369028,34.888822
TZ,11,0,0,Africa,-6.369028,34.888822
TZ,12,0,0,Africa,-6.369028,34.888822
UA,3,480,11,Europe,48.379433,31.16558
UA,4,9386,239,Europe,48.379433,31.16558
UA,5,13338,446,Europe,48.379433,31.16558
UA,6,20424,451,Europe,48.379433,31.16558
UA,7,25166,526,Europe,48.379433,31.16558
UA,8,50280,854,Europe,48.379433,31.16558
UA,9,85858,1538,Europe,48.379433,31.16558
UA,10,173797,2976,Europe,48.379433,31.16558
UA,11,343950,5172,Europe,48.379433,31.16558
UA,12,177987,3034,Europe,48.379433,31.16558
UG,3,33,0,Africa,1.373333,32.290275
UG,4,48,0,Africa,1.373333,32.290275
UG,5,332,0,Africa,1.373333,32.290275
UG,6,457,0,Africa,1.373333,32.290275
UG,7,277,2,Africa,1.373333,32.290275
UG,8,1781,28,Africa,1.373333,32.290275
UG,9,5089,45,Africa,1.373333,32.290275
UG,10,4393,35,Africa,1.373333,32.290275
UG,11,7735,91,Africa,1.373333,32.290275
UG,12,7387,20,Africa,1.373333,32.290275
US,1,6,0,North America,37.09024,-95.712891
US,2,60,0,North America,37.09024,-95.712891
US,3,164554,3170,North America,37.09024,-95.712891
US,4,875289,57796,North America,37.09024,-95.712891
US,5,730475,42815,North America,37.09024,-95.712891
US,6,820168,22359,North America,37.09024,-95.712891
US,7,1904462,25930,North America,37.09024,-95.712891
US,8,1502149,30999,North America,37.09024,-95.712891
US,9,1193898,22929,North America,37.09024,-95.712891
US,10,1856366,23710,North America,37.09024,-95.712891
US,11,4335894,37165,North America,37.09024,-95.712891
US,12,2873433,32304,North America,37.09024,-95.712891
UY,3,324,1,South America,-32.522779,-55.765835
UY,4,306,14,South America,-32.522779,-55.765835
UY,5,191,7,South America,-32.522779,-55.765835
UY,6,111,5,South America,-32.522779,-55.765835
UY,7,311,8,South America,-32.522779,-55.765835
UY,8,342,9,South America,-32.522779,-55.765835
UY,9,448,4,South America,-32.522779,-55.765835
UY,10,1049,10,South America,-32.522779,-55.765835
UY,11,2634,18,South America,-32.522779,-55.765835
UY,12,3992,16,South America,-32.522779,-55.765835
UZ,3,149,2,Asia,41.377491,64.585262
UZ,4,1853,7,Asia,41.377491,64.585262
UZ,5,1552,5,Asia,41.377491,64.585262
UZ,6,4744,10,Asia,41.377491,64.585262
UZ,7,15260,113,Asia,41.377491,64.585262
UZ,8,18093,180,Asia,41.377491,64.585262
UZ,9,14868,151,Asia,41.377491,64.585262
UZ,10,10109,95,Asia,41.377491,64.585262
UZ,11,6242,45,Asia,41.377491,64.585262
UZ,12,2224,4,Asia,41.377491,64.585262
VA,3,6,0,Europe,41.902916,12.453389
VA,4,4,0,Europe,41.902916,12.453389
VA,5,2,0,Europe,41.902916,12.453389
VA,6,0,0,Europe,41.902916,12.453389
VA,7,0,0,Europe,41.902916,12.453389
VA,8,0,0,Europe,41.902916,12.453389
VA,9,0,0,Europe,41.902916,12.453389
VA,10,14,0,Europe,41.902916,12.453389
VA,11,0,0,Europe,41.902916,12.453389
VA,12,0,0,Europe,41.902916,12.453389
VC,3,1,0,North America,12.984305,-61.287228000000006
VC,4,15,0,North America,12.984305,-61.287228000000006
VC,5,10,0,North America,12.984305,-61.287228000000006
VC,6,3,0,North America,12.984305,-61.287228000000006
VC,7,23,0,North America,12.984305,-61.287228000000006
VC,8,8,0,North America,12.984305,-61.287228000000006
VC,9,4,0,North America,12.984305,-61.287228000000006
VC,10,10,0,North America,12.984305,-61.287228000000006
VC,11,11,0,North America,12.984305,-61.287228000000006
VC,12,13,0,North America,12.984305,-61.287228000000006
VE,3,135,3,South America,6.42375,-66.58973
VE,4,196,7,South America,6.42375,-66.58973
VE,5,1128,4,South America,6.42375,-66.58973
VE,6,4071,34,South America,6.42375,-66.58973
VE,7,12329,110,South America,6.42375,-66.58973
VE,8,28009,223,South America,6.42375,-66.58973
VE,9,28495,240,South America,6.42375,-66.58973
VE,10,17226,172,South America,6.42375,-66.58973
VE,11,10451,101,South America,6.42375,-66.58973
VE,12,5137,55,South America,6.42375,-66.58973
VI,3,30,0,North America,18.335765,-64.896335
VI,4,36,4,North America,18.335765,-64.896335
VI,5,3,2,North America,18.335765,-64.896335
VI,6,15,0,North America,18.335765,-64.896335
VI,7,301,2,North America,18.335765,-64.896335
VI,8,749,6,North America,18.335765,-64.896335
VI,9,184,6,North America,18.335765,-64.896335
VI,10,44,1,North America,18.335765,-64.896335
VI,11,182,2,North America,18.335765,-64.896335
VI,12,263,0,North America,18.335765,-64.896335
VN,1,5,0,Asia,14.058324,108.277199
VN,2,11,0,Asia,14.058324,108.277199
VN,3,190,0,Asia,14.058324,108.277199
VN,4,64,0,Asia,14.058324,108.277199
VN,5,57,0,Asia,14.058324,108.277199
VN,6,28,0,Asia,14.058324,108.277199
VN,7,154,0,Asia,14.058324,108.277199
VN,8,531,32,Asia,14.058324,108.277199
VN,9,54,3,Asia,14.058324,108.277199
VN,10,83,0,Asia,14.058324,108.277199
VN,11,166,0,Asia,14.058324,108.277199
VN,12,54,0,Asia,14.058324,108.277199
XK,3,110,1,Europe,42.602636,20.902977
XK,4,698,20,Europe,42.602636,20.902977
XK,5,262,9,Europe,42.602636,20.902977
XK,6,1729,19,Europe,42.602636,20.902977
XK,7,5305,163,Europe,42.602636,20.902977
XK,8,5230,304,Europe,42.602636,20.902977
XK,9,2240,109,Europe,42.602636,20.902977
XK,10,3754,53,Europe,42.602636,20.902977
XK,11,19729,327,Europe,42.602636,20.902977
XK,12,7523,193,Europe,42.602636,20.902977
ZA,3,1326,3,Africa,-30.559482,22.937506
ZA,4,4024,100,Africa,-30.559482,22.937506
ZA,5,25617,540,Africa,-30.559482,22.937506
ZA,6,113297,1886,Africa,-30.559482,22.937506
ZA,7,337905,5283,Africa,-30.559482,22.937506
ZA,8,142887,6216,Africa,-30.559482,22.937506
ZA,9,47516,2639,Africa,-30.559482,22.937506
ZA,10,51110,2563,Africa,-30.559482,22.937506
ZA,11,64020,2247,Africa,-30.559482,22.937506
ZA,12,73262,1799,Africa,-30.559482,22.937506
ZM,3,35,0,Africa,-13.133897,27.849332
ZM,4,62,3,Africa,-13.133897,27.849332
ZM,5,960,4,Africa,-13.133897,27.849332
ZM,6,511,15,Africa,-13.133897,27.849332
ZM,7,3987,127,Africa,-13.133897,27.849332
ZM,8,6470,138,Africa,-13.133897,27.849332
ZM,9,2690,45,Africa,-13.133897,27.849332
ZM,10,1700,17,Africa,-13.133897,27.849332
ZM,11,1193,8,Africa,-13.133897,27.849332
ZM,12,666,10,Africa,-13.133897,27.849332
ZW,3,7,1,Africa,-19.015438,29.154857
ZW,4,27,3,Africa,-19.015438,29.154857
ZW,5,140,0,Africa,-19.015438,29.154857
ZW,6,400,3,Africa,-19.015438,29.154857
ZW,7,2518,46,Africa,-19.015438,29.154857
ZW,8,3320,143,Africa,-19.015438,29.154857
ZW,9,1425,32,Africa,-19.015438,29.154857
ZW,10,525,14,Africa,-19.015438,29.154857
ZW,11,1588,34,Africa,-19.015438,29.154857
ZW,12,1296,31,Africa,-19.015438,29.154857
